 ⚠ Port 3000 is in use, trying 3001 instead.
[db-fallback] alerts: database unavailable (). Serving mock data. Check your database connection.
[db-fallback] predictions/history: database unavailable (). Serving mock data. Check your database connection.
{"level":"warn","message":"Failed to persist weather data (continuing)","timestamp":"2026-09-27T07:58:16.616Z","metadata":{"error":"PrismaClientInitializationError: \nInvalid `__TURBOPACK__imported__module__$5b$project$5d2f$server$2f$prisma$2e$ts__$5b$app$2d$route$5d$__$28$ecmascript$29$__[\"prisma\"].weatherData.create()` invocation in\nE:\\Hackathons\\disaster management\\disaster-response-platform\\.next\\server\\chunks\\_05664a._.js:173:171\n\n  170 const rainfallMm = data.rain?.[\"1h\"] ?? data.rain?.[\"3h\"] ?? 0;\n  171 let recorded = null;\n  172 try {\n→ 173     const record = await __TURBOPACK__imported__module__$5b$project$5d2f$server$2f$prisma$2e$ts__$5b$app$2d$route$5d$__$28$ecmascript$29$__[\"prisma\"].weatherData.create(\nCan't reach database server at `db.yznlvqiivefxbpqiaxce.supabase.co:5432`\n\nPlease make sure your database server is running at `db.yznlvqiivefxbpqiaxce.supabase.co:5432`."}}
{"level":"warn","message":"Failed to persist weather data (continuing)","timestamp":"2026-09-27T07:58:16.619Z","metadata":{"error":"PrismaClientInitializationError: \nInvalid `__TURBOPACK__imported__module__$5b$project$5d2f$server$2f$prisma$2e$ts__$5b$app$2d$route$5d$__$28$ecmascript$29$__[\"prisma\"].weatherData.create()` invocation in\nE:\\Hackathons\\disaster management\\disaster-response-platform\\.next\\server\\chunks\\_05664a._.js:173:171\n\n  170 const rainfallMm = data.rain?.[\"1h\"] ?? data.rain?.[\"3h\"] ?? 0;\n  171 let recorded = null;\n  172 try {\n→ 173     const record = await __TURBOPACK__imported__module__$5b$project$5d2f$server$2f$prisma$2e$ts__$5b$app$2d$route$5d$__$28$ecmascript$29$__[\"prisma\"].weatherData.create(\nCan't reach database server at `db.yznlvqiivefxbpqiaxce.supabase.co:5432`\n\nPlease make sure your database server is running at `db.yznlvqiivefxbpqiaxce.supabase.co:5432`."}}
{"level":"warn","message":"Failed to persist weather data (continuing)","timestamp":"2026-09-27T07:58:16.714Z","metadata":{"error":"PrismaClientInitializationError: \nInvalid `__TURBOPACK__imported__module__$5b$project$5d2f$server$2f$prisma$2e$ts__$5b$app$2d$route$5d$__$28$ecmascript$29$__[\"prisma\"].weatherData.create()` invocation in\nE:\\Hackathons\\disaster management\\disaster-response-platform\\.next\\server\\chunks\\_05664a._.js:173:171\n\n  170 const rainfallMm = data.rain?.[\"1h\"] ?? data.rain?.[\"3h\"] ?? 0;\n  171 let recorded = null;\n  172 try {\n→ 173     const record = await __TURBOPACK__imported__module__$5b$project$5d2f$server$2f$prisma$2e$ts__$5b$app$2d$route$5d$__$28$ecmascript$29$__[\"prisma\"].weatherData.create(\nCan't reach database server at `db.yznlvqiivefxbpqiaxce.supabase.co:5432`\n\nPlease make sure your database server is running at `db.yznlvqiivefxbpqiaxce.supabase.co:5432`."}}
[db-fallback] evacuation-plans: database unavailable (). Serving mock data. Check your database connection.
[public/shelters] Database unavailable PrismaClientInitializationError: 
Invalid `prisma.shelter.findMany()` invocation:


Can't reach database server at `db.yznlvqiivefxbpqiaxce.supabase.co:5432`

Please make sure your database server is running at `db.yznlvqiivefxbpqiaxce.supabase.co:5432`.
    at ei.handleRequestError (E:\Hackathons\disaster management\disaster-response-platform\node_modules\.pnpm\@prisma+client@6.19.3_prism_1d040ab5215f59f0e27ddee7f0cf082e\node_modules\@prisma\client\runtime\library.js:121:7568)
    at ei.handleAndLogRequestError (E:\Hackathons\disaster management\disaster-response-platform\node_modules\.pnpm\@prisma+client@6.19.3_prism_1d040ab5215f59f0e27ddee7f0cf082e\node_modules\@prisma\client\runtime\library.js:121:6593)
    at ei.request (E:\Hackathons\disaster management\disaster-response-platform\node_modules\.pnpm\@prisma+client@6.19.3_prism_1d040ab5215f59f0e27ddee7f0cf082e\node_modules\@prisma\client\runtime\library.js:121:6300)
    at async a (E:\Hackathons\disaster management\disaster-response-platform\node_modules\.pnpm\@prisma+client@6.19.3_prism_1d040ab5215f59f0e27ddee7f0cf082e\node_modules\@prisma\client\runtime\library.js:130:9551)
    at async module.exports.[project]/app/api/public/shelters/route.ts [app-route] (ecmascript).fetchPublicShelters.revalidate (E:\Hackathons\disaster management\disaster-response-platform\.next\server\chunks\_e046e8._.js:390:18)
    at async cachedCb (E:\Hackathons\disaster management\disaster-response-platform\.next\server\chunks\ae68b_next_885786._.js:5667:28)
    at async GET (E:\Hackathons\disaster management\disaster-response-platform\.next\server\chunks\_e046e8._.js:425:26)
    at async E:\Hackathons\disaster management\disaster-response-platform\node_modules\.pnpm\next@14.2.35_@babel+core@7._0cfecabe793a3c51741eeb92ed2c3d83\node_modules\next\dist\compiled\next-server\app-route.runtime.dev.js:6:57228
    at async eT.execute (E:\Hackathons\disaster management\disaster-response-platform\node_modules\.pnpm\next@14.2.35_@babel+core@7._0cfecabe793a3c51741eeb92ed2c3d83\node_modules\next\dist\compiled\next-server\app-route.runtime.dev.js:6:46851)
    at async eT.handle (E:\Hackathons\disaster management\disaster-response-platform\node_modules\.pnpm\next@14.2.35_@babel+core@7._0cfecabe793a3c51741eeb92ed2c3d83\node_modules\next\dist\compiled\next-server\app-route.runtime.dev.js:6:58760)
    at async doRender (E:\Hackathons\disaster management\disaster-response-platform\node_modules\.pnpm\next@14.2.35_@babel+core@7._0cfecabe793a3c51741eeb92ed2c3d83\node_modules\next\dist\server\base-server.js:1366:42)
    at async cacheEntry.responseCache.get.routeKind (E:\Hackathons\disaster management\disaster-response-platform\node_modules\.pnpm\next@14.2.35_@babel+core@7._0cfecabe793a3c51741eeb92ed2c3d83\node_modules\next\dist\server\base-server.js:1588:28)
    at async DevServer.renderToResponseWithComponentsImpl (E:\Hackathons\disaster management\disaster-response-platform\node_modules\.pnpm\next@14.2.35_@babel+core@7._0cfecabe793a3c51741eeb92ed2c3d83\node_modules\next\dist\server\base-server.js:1496:28)
    at async DevServer.renderPageComponent (E:\Hackathons\disaster management\disaster-response-platform\node_modules\.pnpm\next@14.2.35_@babel+core@7._0cfecabe793a3c51741eeb92ed2c3d83\node_modules\next\dist\server\base-server.js:1924:24)
    at async DevServer.renderToResponseImpl (E:\Hackathons\disaster management\disaster-response-platform\node_modules\.pnpm\next@14.2.35_@babel+core@7._0cfecabe793a3c51741eeb92ed2c3d83\node_modules\next\dist\server\base-server.js:1962:32)
    at async DevServer.pipeImpl (E:\Hackathons\disaster management\disaster-response-platform\node_modules\.pnpm\next@14.2.35_@babel+core@7._0cfecabe793a3c51741eeb92ed2c3d83\node_modules\next\dist\server\base-server.js:922:25)
    at async NextNodeServer.handleCatchallRenderRequest (E:\Hackathons\disaster management\disaster-response-platform\node_modules\.pnpm\next@14.2.35_@babel+core@7._0cfecabe793a3c51741eeb92ed2c3d83\node_modules\next\dist\server\next-server.js:272:17)
    at async DevServer.handleRequestImpl (E:\Hackathons\disaster management\disaster-response-platform\node_modules\.pnpm\next@14.2.35_@babel+core@7._0cfecabe793a3c51741eeb92ed2c3d83\node_modules\next\dist\server\base-server.js:818:17)
    at async E:\Hackathons\disaster management\disaster-response-platform\node_modules\.pnpm\next@14.2.35_@babel+core@7._0cfecabe793a3c51741eeb92ed2c3d83\node_modules\next\dist\server\dev\next-dev-server.js:339:20
    at async Span.traceAsyncFn (E:\Hackathons\disaster management\disaster-response-platform\node_modules\.pnpm\next@14.2.35_@babel+core@7._0cfecabe793a3c51741eeb92ed2c3d83\node_modules\next\dist\trace\trace.js:154:20)
    at async DevServer.handleRequest (E:\Hackathons\disaster management\disaster-response-platform\node_modules\.pnpm\next@14.2.35_@babel+core@7._0cfecabe793a3c51741eeb92ed2c3d83\node_modules\next\dist\server\dev\next-dev-server.js:336:24)
    at async invokeRender (E:\Hackathons\disaster management\disaster-response-platform\node_modules\.pnpm\next@14.2.35_@babel+core@7._0cfecabe793a3c51741eeb92ed2c3d83\node_modules\next\dist\server\lib\router-server.js:179:21)
    at async handleRequest (E:\Hackathons\disaster management\disaster-response-platform\node_modules\.pnpm\next@14.2.35_@babel+core@7._0cfecabe793a3c51741eeb92ed2c3d83\node_modules\next\dist\server\lib\router-server.js:359:24)
    at async requestHandlerImpl (E:\Hackathons\disaster management\disaster-response-platform\node_modules\.pnpm\next@14.2.35_@babel+core@7._0cfecabe793a3c51741eeb92ed2c3d83\node_modules\next\dist\server\lib\router-server.js:383:13)
    at async Server.requestListener (E:\Hackathons\disaster management\disaster-response-platform\node_modules\.pnpm\next@14.2.35_@babel+core@7._0cfecabe793a3c51741eeb92ed2c3d83\node_modules\next\dist\server\lib\start-server.js:141:13) {
  clientVersion: '6.19.3',
  errorCode: undefined,
  retryable: undefined
}
[public/shelters] Database unavailable PrismaClientInitializationError: 
Invalid `prisma.shelter.findMany()` invocation:


Can't reach database server at `db.yznlvqiivefxbpqiaxce.supabase.co:5432`

Please make sure your database server is running at `db.yznlvqiivefxbpqiaxce.supabase.co:5432`.
    at ei.handleRequestError (E:\Hackathons\disaster management\disaster-response-platform\node_modules\.pnpm\@prisma+client@6.19.3_prism_1d040ab5215f59f0e27ddee7f0cf082e\node_modules\@prisma\client\runtime\library.js:121:7568)
    at ei.handleAndLogRequestError (E:\Hackathons\disaster management\disaster-response-platform\node_modules\.pnpm\@prisma+client@6.19.3_prism_1d040ab5215f59f0e27ddee7f0cf082e\node_modules\@prisma\client\runtime\library.js:121:6593)
    at ei.request (E:\Hackathons\disaster management\disaster-response-platform\node_modules\.pnpm\@prisma+client@6.19.3_prism_1d040ab5215f59f0e27ddee7f0cf082e\node_modules\@prisma\client\runtime\library.js:121:6300)
    at async a (E:\Hackathons\disaster management\disaster-response-platform\node_modules\.pnpm\@prisma+client@6.19.3_prism_1d040ab5215f59f0e27ddee7f0cf082e\node_modules\@prisma\client\runtime\library.js:130:9551)
    at async module.exports.[project]/app/api/public/shelters/route.ts [app-route] (ecmascript).fetchPublicShelters.revalidate (E:\Hackathons\disaster management\disaster-response-platform\.next\server\chunks\_e046e8._.js:390:18)
    at async cachedCb (E:\Hackathons\disaster management\disaster-response-platform\.next\server\chunks\ae68b_next_885786._.js:5667:28)
    at async GET (E:\Hackathons\disaster management\disaster-response-platform\.next\server\chunks\_e046e8._.js:425:26)
    at async E:\Hackathons\disaster management\disaster-response-platform\node_modules\.pnpm\next@14.2.35_@babel+core@7._0cfecabe793a3c51741eeb92ed2c3d83\node_modules\next\dist\compiled\next-server\app-route.runtime.dev.js:6:57228
    at async eT.execute (E:\Hackathons\disaster management\disaster-response-platform\node_modules\.pnpm\next@14.2.35_@babel+core@7._0cfecabe793a3c51741eeb92ed2c3d83\node_modules\next\dist\compiled\next-server\app-route.runtime.dev.js:6:46851)
    at async eT.handle (E:\Hackathons\disaster management\disaster-response-platform\node_modules\.pnpm\next@14.2.35_@babel+core@7._0cfecabe793a3c51741eeb92ed2c3d83\node_modules\next\dist\compiled\next-server\app-route.runtime.dev.js:6:58760)
    at async doRender (E:\Hackathons\disaster management\disaster-response-platform\node_modules\.pnpm\next@14.2.35_@babel+core@7._0cfecabe793a3c51741eeb92ed2c3d83\node_modules\next\dist\server\base-server.js:1366:42)
    at async cacheEntry.responseCache.get.routeKind (E:\Hackathons\disaster management\disaster-response-platform\node_modules\.pnpm\next@14.2.35_@babel+core@7._0cfecabe793a3c51741eeb92ed2c3d83\node_modules\next\dist\server\base-server.js:1588:28)
    at async DevServer.renderToResponseWithComponentsImpl (E:\Hackathons\disaster management\disaster-response-platform\node_modules\.pnpm\next@14.2.35_@babel+core@7._0cfecabe793a3c51741eeb92ed2c3d83\node_modules\next\dist\server\base-server.js:1496:28)
    at async DevServer.renderPageComponent (E:\Hackathons\disaster management\disaster-response-platform\node_modules\.pnpm\next@14.2.35_@babel+core@7._0cfecabe793a3c51741eeb92ed2c3d83\node_modules\next\dist\server\base-server.js:1924:24)
    at async DevServer.renderToResponseImpl (E:\Hackathons\disaster management\disaster-response-platform\node_modules\.pnpm\next@14.2.35_@babel+core@7._0cfecabe793a3c51741eeb92ed2c3d83\node_modules\next\dist\server\base-server.js:1962:32)
    at async DevServer.pipeImpl (E:\Hackathons\disaster management\disaster-response-platform\node_modules\.pnpm\next@14.2.35_@babel+core@7._0cfecabe793a3c51741eeb92ed2c3d83\node_modules\next\dist\server\base-server.js:922:25)
    at async NextNodeServer.handleCatchallRenderRequest (E:\Hackathons\disaster management\disaster-response-platform\node_modules\.pnpm\next@14.2.35_@babel+core@7._0cfecabe793a3c51741eeb92ed2c3d83\node_modules\next\dist\server\next-server.js:272:17)
    at async DevServer.handleRequestImpl (E:\Hackathons\disaster management\disaster-response-platform\node_modules\.pnpm\next@14.2.35_@babel+core@7._0cfecabe793a3c51741eeb92ed2c3d83\node_modules\next\dist\server\base-server.js:818:17)
    at async E:\Hackathons\disaster management\disaster-response-platform\node_modules\.pnpm\next@14.2.35_@babel+core@7._0cfecabe793a3c51741eeb92ed2c3d83\node_modules\next\dist\server\dev\next-dev-server.js:339:20
    at async Span.traceAsyncFn (E:\Hackathons\disaster management\disaster-response-platform\node_modules\.pnpm\next@14.2.35_@babel+core@7._0cfecabe793a3c51741eeb92ed2c3d83\node_modules\next\dist\trace\trace.js:154:20)
    at async DevServer.handleRequest (E:\Hackathons\disaster management\disaster-response-platform\node_modules\.pnpm\next@14.2.35_@babel+core@7._0cfecabe793a3c51741eeb92ed2c3d83\node_modules\next\dist\server\dev\next-dev-server.js:336:24)
    at async invokeRender (E:\Hackathons\disaster management\disaster-response-platform\node_modules\.pnpm\next@14.2.35_@babel+core@7._0cfecabe793a3c51741eeb92ed2c3d83\node_modules\next\dist\server\lib\router-server.js:179:21)
    at async handleRequest (E:\Hackathons\disaster management\disaster-response-platform\node_modules\.pnpm\next@14.2.35_@babel+core@7._0cfecabe793a3c51741eeb92ed2c3d83\node_modules\next\dist\server\lib\router-server.js:359:24)
    at async requestHandlerImpl (E:\Hackathons\disaster management\disaster-response-platform\node_modules\.pnpm\next@14.2.35_@babel+core@7._0cfecabe793a3c51741eeb92ed2c3d83\node_modules\next\dist\server\lib\router-server.js:383:13)
    at async Server.requestListener (E:\Hackathons\disaster management\disaster-response-platform\node_modules\.pnpm\next@14.2.35_@babel+core@7._0cfecabe793a3c51741eeb92ed2c3d83\node_modules\next\dist\server\lib\start-server.js:141:13) {
  clientVersion: '6.19.3',
  errorCode: undefined,
  retryable: undefined
}
[public/shelters] Database unavailable PrismaClientInitializationError: 
Invalid `prisma.shelter.findMany()` invocation:


Can't reach database server at `db.yznlvqiivefxbpqiaxce.supabase.co:5432`

Please make sure your database server is running at `db.yznlvqiivefxbpqiaxce.supabase.co:5432`.
    at ei.handleRequestError (E:\Hackathons\disaster management\disaster-response-platform\node_modules\.pnpm\@prisma+client@6.19.3_prism_1d040ab5215f59f0e27ddee7f0cf082e\node_modules\@prisma\client\runtime\library.js:121:7568)
    at ei.handleAndLogRequestError (E:\Hackathons\disaster management\disaster-response-platform\node_modules\.pnpm\@prisma+client@6.19.3_prism_1d040ab5215f59f0e27ddee7f0cf082e\node_modules\@prisma\client\runtime\library.js:121:6593)
    at ei.request (E:\Hackathons\disaster management\disaster-response-platform\node_modules\.pnpm\@prisma+client@6.19.3_prism_1d040ab5215f59f0e27ddee7f0cf082e\node_modules\@prisma\client\runtime\library.js:121:6300)
    at async a (E:\Hackathons\disaster management\disaster-response-platform\node_modules\.pnpm\@prisma+client@6.19.3_prism_1d040ab5215f59f0e27ddee7f0cf082e\node_modules\@prisma\client\runtime\library.js:130:9551)
    at async module.exports.[project]/app/api/public/shelters/route.ts [app-route] (ecmascript).fetchPublicShelters.revalidate (E:\Hackathons\disaster management\disaster-response-platform\.next\server\chunks\_e046e8._.js:390:18)
    at async cachedCb (E:\Hackathons\disaster management\disaster-response-platform\.next\server\chunks\ae68b_next_885786._.js:5667:28)
    at async GET (E:\Hackathons\disaster management\disaster-response-platform\.next\server\chunks\_e046e8._.js:425:26)
    at async E:\Hackathons\disaster management\disaster-response-platform\node_modules\.pnpm\next@14.2.35_@babel+core@7._0cfecabe793a3c51741eeb92ed2c3d83\node_modules\next\dist\compiled\next-server\app-route.runtime.dev.js:6:57228
    at async eT.execute (E:\Hackathons\disaster management\disaster-response-platform\node_modules\.pnpm\next@14.2.35_@babel+core@7._0cfecabe793a3c51741eeb92ed2c3d83\node_modules\next\dist\compiled\next-server\app-route.runtime.dev.js:6:46851)
    at async eT.handle (E:\Hackathons\disaster management\disaster-response-platform\node_modules\.pnpm\next@14.2.35_@babel+core@7._0cfecabe793a3c51741eeb92ed2c3d83\node_modules\next\dist\compiled\next-server\app-route.runtime.dev.js:6:58760)
    at async doRender (E:\Hackathons\disaster management\disaster-response-platform\node_modules\.pnpm\next@14.2.35_@babel+core@7._0cfecabe793a3c51741eeb92ed2c3d83\node_modules\next\dist\server\base-server.js:1366:42)
    at async cacheEntry.responseCache.get.routeKind (E:\Hackathons\disaster management\disaster-response-platform\node_modules\.pnpm\next@14.2.35_@babel+core@7._0cfecabe793a3c51741eeb92ed2c3d83\node_modules\next\dist\server\base-server.js:1588:28)
    at async DevServer.renderToResponseWithComponentsImpl (E:\Hackathons\disaster management\disaster-response-platform\node_modules\.pnpm\next@14.2.35_@babel+core@7._0cfecabe793a3c51741eeb92ed2c3d83\node_modules\next\dist\server\base-server.js:1496:28)
    at async DevServer.renderPageComponent (E:\Hackathons\disaster management\disaster-response-platform\node_modules\.pnpm\next@14.2.35_@babel+core@7._0cfecabe793a3c51741eeb92ed2c3d83\node_modules\next\dist\server\base-server.js:1924:24)
    at async DevServer.renderToResponseImpl (E:\Hackathons\disaster management\disaster-response-platform\node_modules\.pnpm\next@14.2.35_@babel+core@7._0cfecabe793a3c51741eeb92ed2c3d83\node_modules\next\dist\server\base-server.js:1962:32)
    at async DevServer.pipeImpl (E:\Hackathons\disaster management\disaster-response-platform\node_modules\.pnpm\next@14.2.35_@babel+core@7._0cfecabe793a3c51741eeb92ed2c3d83\node_modules\next\dist\server\base-server.js:922:25)
    at async NextNodeServer.handleCatchallRenderRequest (E:\Hackathons\disaster management\disaster-response-platform\node_modules\.pnpm\next@14.2.35_@babel+core@7._0cfecabe793a3c51741eeb92ed2c3d83\node_modules\next\dist\server\next-server.js:272:17)
    at async DevServer.handleRequestImpl (E:\Hackathons\disaster management\disaster-response-platform\node_modules\.pnpm\next@14.2.35_@babel+core@7._0cfecabe793a3c51741eeb92ed2c3d83\node_modules\next\dist\server\base-server.js:818:17)
    at async E:\Hackathons\disaster management\disaster-response-platform\node_modules\.pnpm\next@14.2.35_@babel+core@7._0cfecabe793a3c51741eeb92ed2c3d83\node_modules\next\dist\server\dev\next-dev-server.js:339:20
    at async Span.traceAsyncFn (E:\Hackathons\disaster management\disaster-response-platform\node_modules\.pnpm\next@14.2.35_@babel+core@7._0cfecabe793a3c51741eeb92ed2c3d83\node_modules\next\dist\trace\trace.js:154:20)
    at async DevServer.handleRequest (E:\Hackathons\disaster management\disaster-response-platform\node_modules\.pnpm\next@14.2.35_@babel+core@7._0cfecabe793a3c51741eeb92ed2c3d83\node_modules\next\dist\server\dev\next-dev-server.js:336:24)
    at async invokeRender (E:\Hackathons\disaster management\disaster-response-platform\node_modules\.pnpm\next@14.2.35_@babel+core@7._0cfecabe793a3c51741eeb92ed2c3d83\node_modules\next\dist\server\lib\router-server.js:179:21)
    at async handleRequest (E:\Hackathons\disaster management\disaster-response-platform\node_modules\.pnpm\next@14.2.35_@babel+core@7._0cfecabe793a3c51741eeb92ed2c3d83\node_modules\next\dist\server\lib\router-server.js:359:24)
    at async requestHandlerImpl (E:\Hackathons\disaster management\disaster-response-platform\node_modules\.pnpm\next@14.2.35_@babel+core@7._0cfecabe793a3c51741eeb92ed2c3d83\node_modules\next\dist\server\lib\router-server.js:383:13)
    at async Server.requestListener (E:\Hackathons\disaster management\disaster-response-platform\node_modules\.pnpm\next@14.2.35_@babel+core@7._0cfecabe793a3c51741eeb92ed2c3d83\node_modules\next\dist\server\lib\start-server.js:141:13) {
  clientVersion: '6.19.3',
  errorCode: undefined,
  retryable: undefined
}
[public/shelters] Database unavailable PrismaClientInitializationError: 
Invalid `prisma.shelter.findMany()` invocation:


Can't reach database server at `db.yznlvqiivefxbpqiaxce.supabase.co:5432`

Please make sure your database server is running at `db.yznlvqiivefxbpqiaxce.supabase.co:5432`.
    at ei.handleRequestError (E:\Hackathons\disaster management\disaster-response-platform\node_modules\.pnpm\@prisma+client@6.19.3_prism_1d040ab5215f59f0e27ddee7f0cf082e\node_modules\@prisma\client\runtime\library.js:121:7568)
    at ei.handleAndLogRequestError (E:\Hackathons\disaster management\disaster-response-platform\node_modules\.pnpm\@prisma+client@6.19.3_prism_1d040ab5215f59f0e27ddee7f0cf082e\node_modules\@prisma\client\runtime\library.js:121:6593)
    at ei.request (E:\Hackathons\disaster management\disaster-response-platform\node_modules\.pnpm\@prisma+client@6.19.3_prism_1d040ab5215f59f0e27ddee7f0cf082e\node_modules\@prisma\client\runtime\library.js:121:6300)
    at async a (E:\Hackathons\disaster management\disaster-response-platform\node_modules\.pnpm\@prisma+client@6.19.3_prism_1d040ab5215f59f0e27ddee7f0cf082e\node_modules\@prisma\client\runtime\library.js:130:9551)
    at async module.exports.[project]/app/api/public/shelters/route.ts [app-route] (ecmascript).fetchPublicShelters.revalidate (E:\Hackathons\disaster management\disaster-response-platform\.next\server\chunks\_e046e8._.js:390:18)
    at async cachedCb (E:\Hackathons\disaster management\disaster-response-platform\.next\server\chunks\ae68b_next_885786._.js:5667:28)
    at async GET (E:\Hackathons\disaster management\disaster-response-platform\.next\server\chunks\_e046e8._.js:425:26)
    at async E:\Hackathons\disaster management\disaster-response-platform\node_modules\.pnpm\next@14.2.35_@babel+core@7._0cfecabe793a3c51741eeb92ed2c3d83\node_modules\next\dist\compiled\next-server\app-route.runtime.dev.js:6:57228
    at async eT.execute (E:\Hackathons\disaster management\disaster-response-platform\node_modules\.pnpm\next@14.2.35_@babel+core@7._0cfecabe793a3c51741eeb92ed2c3d83\node_modules\next\dist\compiled\next-server\app-route.runtime.dev.js:6:46851)
    at async eT.handle (E:\Hackathons\disaster management\disaster-response-platform\node_modules\.pnpm\next@14.2.35_@babel+core@7._0cfecabe793a3c51741eeb92ed2c3d83\node_modules\next\dist\compiled\next-server\app-route.runtime.dev.js:6:58760)
    at async doRender (E:\Hackathons\disaster management\disaster-response-platform\node_modules\.pnpm\next@14.2.35_@babel+core@7._0cfecabe793a3c51741eeb92ed2c3d83\node_modules\next\dist\server\base-server.js:1366:42)
    at async cacheEntry.responseCache.get.routeKind (E:\Hackathons\disaster management\disaster-response-platform\node_modules\.pnpm\next@14.2.35_@babel+core@7._0cfecabe793a3c51741eeb92ed2c3d83\node_modules\next\dist\server\base-server.js:1588:28)
    at async DevServer.renderToResponseWithComponentsImpl (E:\Hackathons\disaster management\disaster-response-platform\node_modules\.pnpm\next@14.2.35_@babel+core@7._0cfecabe793a3c51741eeb92ed2c3d83\node_modules\next\dist\server\base-server.js:1496:28)
    at async DevServer.renderPageComponent (E:\Hackathons\disaster management\disaster-response-platform\node_modules\.pnpm\next@14.2.35_@babel+core@7._0cfecabe793a3c51741eeb92ed2c3d83\node_modules\next\dist\server\base-server.js:1924:24)
    at async DevServer.renderToResponseImpl (E:\Hackathons\disaster management\disaster-response-platform\node_modules\.pnpm\next@14.2.35_@babel+core@7._0cfecabe793a3c51741eeb92ed2c3d83\node_modules\next\dist\server\base-server.js:1962:32)
    at async DevServer.pipeImpl (E:\Hackathons\disaster management\disaster-response-platform\node_modules\.pnpm\next@14.2.35_@babel+core@7._0cfecabe793a3c51741eeb92ed2c3d83\node_modules\next\dist\server\base-server.js:922:25)
    at async NextNodeServer.handleCatchallRenderRequest (E:\Hackathons\disaster management\disaster-response-platform\node_modules\.pnpm\next@14.2.35_@babel+core@7._0cfecabe793a3c51741eeb92ed2c3d83\node_modules\next\dist\server\next-server.js:272:17)
    at async DevServer.handleRequestImpl (E:\Hackathons\disaster management\disaster-response-platform\node_modules\.pnpm\next@14.2.35_@babel+core@7._0cfecabe793a3c51741eeb92ed2c3d83\node_modules\next\dist\server\base-server.js:818:17)
    at async E:\Hackathons\disaster management\disaster-response-platform\node_modules\.pnpm\next@14.2.35_@babel+core@7._0cfecabe793a3c51741eeb92ed2c3d83\node_modules\next\dist\server\dev\next-dev-server.js:339:20
    at async Span.traceAsyncFn (E:\Hackathons\disaster management\disaster-response-platform\node_modules\.pnpm\next@14.2.35_@babel+core@7._0cfecabe793a3c51741eeb92ed2c3d83\node_modules\next\dist\trace\trace.js:154:20)
    at async DevServer.handleRequest (E:\Hackathons\disaster management\disaster-response-platform\node_modules\.pnpm\next@14.2.35_@babel+core@7._0cfecabe793a3c51741eeb92ed2c3d83\node_modules\next\dist\server\dev\next-dev-server.js:336:24)
    at async invokeRender (E:\Hackathons\disaster management\disaster-response-platform\node_modules\.pnpm\next@14.2.35_@babel+core@7._0cfecabe793a3c51741eeb92ed2c3d83\node_modules\next\dist\server\lib\router-server.js:179:21)
    at async handleRequest (E:\Hackathons\disaster management\disaster-response-platform\node_modules\.pnpm\next@14.2.35_@babel+core@7._0cfecabe793a3c51741eeb92ed2c3d83\node_modules\next\dist\server\lib\router-server.js:359:24)
    at async requestHandlerImpl (E:\Hackathons\disaster management\disaster-response-platform\node_modules\.pnpm\next@14.2.35_@babel+core@7._0cfecabe793a3c51741eeb92ed2c3d83\node_modules\next\dist\server\lib\router-server.js:383:13)
    at async Server.requestListener (E:\Hackathons\disaster management\disaster-response-platform\node_modules\.pnpm\next@14.2.35_@babel+core@7._0cfecabe793a3c51741eeb92ed2c3d83\node_modules\next\dist\server\lib\start-server.js:141:13) {
  clientVersion: '6.19.3',
  errorCode: undefined,
  retryable: undefined
}
[public/shelters] Database unavailable PrismaClientInitializationError: 
Invalid `prisma.shelter.findMany()` invocation:


Can't reach database server at `db.yznlvqiivefxbpqiaxce.supabase.co:5432`

Please make sure your database server is running at `db.yznlvqiivefxbpqiaxce.supabase.co:5432`.
    at ei.handleRequestError (E:\Hackathons\disaster management\disaster-response-platform\node_modules\.pnpm\@prisma+client@6.19.3_prism_1d040ab5215f59f0e27ddee7f0cf082e\node_modules\@prisma\client\runtime\library.js:121:7568)
    at ei.handleAndLogRequestError (E:\Hackathons\disaster management\disaster-response-platform\node_modules\.pnpm\@prisma+client@6.19.3_prism_1d040ab5215f59f0e27ddee7f0cf082e\node_modules\@prisma\client\runtime\library.js:121:6593)
    at ei.request (E:\Hackathons\disaster management\disaster-response-platform\node_modules\.pnpm\@prisma+client@6.19.3_prism_1d040ab5215f59f0e27ddee7f0cf082e\node_modules\@prisma\client\runtime\library.js:121:6300)
    at async a (E:\Hackathons\disaster management\disaster-response-platform\node_modules\.pnpm\@prisma+client@6.19.3_prism_1d040ab5215f59f0e27ddee7f0cf082e\node_modules\@prisma\client\runtime\library.js:130:9551)
    at async module.exports.[project]/app/api/public/shelters/route.ts [app-route] (ecmascript).fetchPublicShelters.revalidate (E:\Hackathons\disaster management\disaster-response-platform\.next\server\chunks\_e046e8._.js:390:18)
    at async cachedCb (E:\Hackathons\disaster management\disaster-response-platform\.next\server\chunks\ae68b_next_885786._.js:5667:28)
    at async GET (E:\Hackathons\disaster management\disaster-response-platform\.next\server\chunks\_e046e8._.js:425:26)
    at async E:\Hackathons\disaster management\disaster-response-platform\node_modules\.pnpm\next@14.2.35_@babel+core@7._0cfecabe793a3c51741eeb92ed2c3d83\node_modules\next\dist\compiled\next-server\app-route.runtime.dev.js:6:57228
    at async eT.execute (E:\Hackathons\disaster management\disaster-response-platform\node_modules\.pnpm\next@14.2.35_@babel+core@7._0cfecabe793a3c51741eeb92ed2c3d83\node_modules\next\dist\compiled\next-server\app-route.runtime.dev.js:6:46851)
    at async eT.handle (E:\Hackathons\disaster management\disaster-response-platform\node_modules\.pnpm\next@14.2.35_@babel+core@7._0cfecabe793a3c51741eeb92ed2c3d83\node_modules\next\dist\compiled\next-server\app-route.runtime.dev.js:6:58760)
    at async doRender (E:\Hackathons\disaster management\disaster-response-platform\node_modules\.pnpm\next@14.2.35_@babel+core@7._0cfecabe793a3c51741eeb92ed2c3d83\node_modules\next\dist\server\base-server.js:1366:42)
    at async cacheEntry.responseCache.get.routeKind (E:\Hackathons\disaster management\disaster-response-platform\node_modules\.pnpm\next@14.2.35_@babel+core@7._0cfecabe793a3c51741eeb92ed2c3d83\node_modules\next\dist\server\base-server.js:1588:28)
    at async DevServer.renderToResponseWithComponentsImpl (E:\Hackathons\disaster management\disaster-response-platform\node_modules\.pnpm\next@14.2.35_@babel+core@7._0cfecabe793a3c51741eeb92ed2c3d83\node_modules\next\dist\server\base-server.js:1496:28)
    at async DevServer.renderPageComponent (E:\Hackathons\disaster management\disaster-response-platform\node_modules\.pnpm\next@14.2.35_@babel+core@7._0cfecabe793a3c51741eeb92ed2c3d83\node_modules\next\dist\server\base-server.js:1924:24)
    at async DevServer.renderToResponseImpl (E:\Hackathons\disaster management\disaster-response-platform\node_modules\.pnpm\next@14.2.35_@babel+core@7._0cfecabe793a3c51741eeb92ed2c3d83\node_modules\next\dist\server\base-server.js:1962:32)
    at async DevServer.pipeImpl (E:\Hackathons\disaster management\disaster-response-platform\node_modules\.pnpm\next@14.2.35_@babel+core@7._0cfecabe793a3c51741eeb92ed2c3d83\node_modules\next\dist\server\base-server.js:922:25)
    at async NextNodeServer.handleCatchallRenderRequest (E:\Hackathons\disaster management\disaster-response-platform\node_modules\.pnpm\next@14.2.35_@babel+core@7._0cfecabe793a3c51741eeb92ed2c3d83\node_modules\next\dist\server\next-server.js:272:17)
    at async DevServer.handleRequestImpl (E:\Hackathons\disaster management\disaster-response-platform\node_modules\.pnpm\next@14.2.35_@babel+core@7._0cfecabe793a3c51741eeb92ed2c3d83\node_modules\next\dist\server\base-server.js:818:17)
    at async E:\Hackathons\disaster management\disaster-response-platform\node_modules\.pnpm\next@14.2.35_@babel+core@7._0cfecabe793a3c51741eeb92ed2c3d83\node_modules\next\dist\server\dev\next-dev-server.js:339:20
    at async Span.traceAsyncFn (E:\Hackathons\disaster management\disaster-response-platform\node_modules\.pnpm\next@14.2.35_@babel+core@7._0cfecabe793a3c51741eeb92ed2c3d83\node_modules\next\dist\trace\trace.js:154:20)
    at async DevServer.handleRequest (E:\Hackathons\disaster management\disaster-response-platform\node_modules\.pnpm\next@14.2.35_@babel+core@7._0cfecabe793a3c51741eeb92ed2c3d83\node_modules\next\dist\server\dev\next-dev-server.js:336:24)
    at async invokeRender (E:\Hackathons\disaster management\disaster-response-platform\node_modules\.pnpm\next@14.2.35_@babel+core@7._0cfecabe793a3c51741eeb92ed2c3d83\node_modules\next\dist\server\lib\router-server.js:179:21)
    at async handleRequest (E:\Hackathons\disaster management\disaster-response-platform\node_modules\.pnpm\next@14.2.35_@babel+core@7._0cfecabe793a3c51741eeb92ed2c3d83\node_modules\next\dist\server\lib\router-server.js:359:24)
    at async requestHandlerImpl (E:\Hackathons\disaster management\disaster-response-platform\node_modules\.pnpm\next@14.2.35_@babel+core@7._0cfecabe793a3c51741eeb92ed2c3d83\node_modules\next\dist\server\lib\router-server.js:383:13)
    at async Server.requestListener (E:\Hackathons\disaster management\disaster-response-platform\node_modules\.pnpm\next@14.2.35_@babel+core@7._0cfecabe793a3c51741eeb92ed2c3d83\node_modules\next\dist\server\lib\start-server.js:141:13) {
  clientVersion: '6.19.3',
  errorCode: undefined,
  retryable: undefined
}
[public/shelters] Database unavailable PrismaClientInitializationError: 
Invalid `prisma.shelter.findMany()` invocation:


Can't reach database server at `db.yznlvqiivefxbpqiaxce.supabase.co:5432`

Please make sure your database server is running at `db.yznlvqiivefxbpqiaxce.supabase.co:5432`.
    at ei.handleRequestError (E:\Hackathons\disaster management\disaster-response-platform\node_modules\.pnpm\@prisma+client@6.19.3_prism_1d040ab5215f59f0e27ddee7f0cf082e\node_modules\@prisma\client\runtime\library.js:121:7568)
    at ei.handleAndLogRequestError (E:\Hackathons\disaster management\disaster-response-platform\node_modules\.pnpm\@prisma+client@6.19.3_prism_1d040ab5215f59f0e27ddee7f0cf082e\node_modules\@prisma\client\runtime\library.js:121:6593)
    at ei.request (E:\Hackathons\disaster management\disaster-response-platform\node_modules\.pnpm\@prisma+client@6.19.3_prism_1d040ab5215f59f0e27ddee7f0cf082e\node_modules\@prisma\client\runtime\library.js:121:6300)
    at async a (E:\Hackathons\disaster management\disaster-response-platform\node_modules\.pnpm\@prisma+client@6.19.3_prism_1d040ab5215f59f0e27ddee7f0cf082e\node_modules\@prisma\client\runtime\library.js:130:9551)
    at async module.exports.[project]/app/api/public/shelters/route.ts [app-route] (ecmascript).fetchPublicShelters.revalidate (E:\Hackathons\disaster management\disaster-response-platform\.next\server\chunks\_e046e8._.js:390:18)
    at async cachedCb (E:\Hackathons\disaster management\disaster-response-platform\.next\server\chunks\ae68b_next_885786._.js:5667:28)
    at async GET (E:\Hackathons\disaster management\disaster-response-platform\.next\server\chunks\_e046e8._.js:425:26)
    at async E:\Hackathons\disaster management\disaster-response-platform\node_modules\.pnpm\next@14.2.35_@babel+core@7._0cfecabe793a3c51741eeb92ed2c3d83\node_modules\next\dist\compiled\next-server\app-route.runtime.dev.js:6:57228
    at async eT.execute (E:\Hackathons\disaster management\disaster-response-platform\node_modules\.pnpm\next@14.2.35_@babel+core@7._0cfecabe793a3c51741eeb92ed2c3d83\node_modules\next\dist\compiled\next-server\app-route.runtime.dev.js:6:46851)
    at async eT.handle (E:\Hackathons\disaster management\disaster-response-platform\node_modules\.pnpm\next@14.2.35_@babel+core@7._0cfecabe793a3c51741eeb92ed2c3d83\node_modules\next\dist\compiled\next-server\app-route.runtime.dev.js:6:58760)
    at async doRender (E:\Hackathons\disaster management\disaster-response-platform\node_modules\.pnpm\next@14.2.35_@babel+core@7._0cfecabe793a3c51741eeb92ed2c3d83\node_modules\next\dist\server\base-server.js:1366:42)
    at async cacheEntry.responseCache.get.routeKind (E:\Hackathons\disaster management\disaster-response-platform\node_modules\.pnpm\next@14.2.35_@babel+core@7._0cfecabe793a3c51741eeb92ed2c3d83\node_modules\next\dist\server\base-server.js:1588:28)
    at async DevServer.renderToResponseWithComponentsImpl (E:\Hackathons\disaster management\disaster-response-platform\node_modules\.pnpm\next@14.2.35_@babel+core@7._0cfecabe793a3c51741eeb92ed2c3d83\node_modules\next\dist\server\base-server.js:1496:28)
    at async DevServer.renderPageComponent (E:\Hackathons\disaster management\disaster-response-platform\node_modules\.pnpm\next@14.2.35_@babel+core@7._0cfecabe793a3c51741eeb92ed2c3d83\node_modules\next\dist\server\base-server.js:1924:24)
    at async DevServer.renderToResponseImpl (E:\Hackathons\disaster management\disaster-response-platform\node_modules\.pnpm\next@14.2.35_@babel+core@7._0cfecabe793a3c51741eeb92ed2c3d83\node_modules\next\dist\server\base-server.js:1962:32)
    at async DevServer.pipeImpl (E:\Hackathons\disaster management\disaster-response-platform\node_modules\.pnpm\next@14.2.35_@babel+core@7._0cfecabe793a3c51741eeb92ed2c3d83\node_modules\next\dist\server\base-server.js:922:25)
    at async NextNodeServer.handleCatchallRenderRequest (E:\Hackathons\disaster management\disaster-response-platform\node_modules\.pnpm\next@14.2.35_@babel+core@7._0cfecabe793a3c51741eeb92ed2c3d83\node_modules\next\dist\server\next-server.js:272:17)
    at async DevServer.handleRequestImpl (E:\Hackathons\disaster management\disaster-response-platform\node_modules\.pnpm\next@14.2.35_@babel+core@7._0cfecabe793a3c51741eeb92ed2c3d83\node_modules\next\dist\server\base-server.js:818:17)
    at async E:\Hackathons\disaster management\disaster-response-platform\node_modules\.pnpm\next@14.2.35_@babel+core@7._0cfecabe793a3c51741eeb92ed2c3d83\node_modules\next\dist\server\dev\next-dev-server.js:339:20
    at async Span.traceAsyncFn (E:\Hackathons\disaster management\disaster-response-platform\node_modules\.pnpm\next@14.2.35_@babel+core@7._0cfecabe793a3c51741eeb92ed2c3d83\node_modules\next\dist\trace\trace.js:154:20)
    at async DevServer.handleRequest (E:\Hackathons\disaster management\disaster-response-platform\node_modules\.pnpm\next@14.2.35_@babel+core@7._0cfecabe793a3c51741eeb92ed2c3d83\node_modules\next\dist\server\dev\next-dev-server.js:336:24)
    at async invokeRender (E:\Hackathons\disaster management\disaster-response-platform\node_modules\.pnpm\next@14.2.35_@babel+core@7._0cfecabe793a3c51741eeb92ed2c3d83\node_modules\next\dist\server\lib\router-server.js:179:21)
    at async handleRequest (E:\Hackathons\disaster management\disaster-response-platform\node_modules\.pnpm\next@14.2.35_@babel+core@7._0cfecabe793a3c51741eeb92ed2c3d83\node_modules\next\dist\server\lib\router-server.js:359:24)
    at async requestHandlerImpl (E:\Hackathons\disaster management\disaster-response-platform\node_modules\.pnpm\next@14.2.35_@babel+core@7._0cfecabe793a3c51741eeb92ed2c3d83\node_modules\next\dist\server\lib\router-server.js:383:13)
    at async Server.requestListener (E:\Hackathons\disaster management\disaster-response-platform\node_modules\.pnpm\next@14.2.35_@babel+core@7._0cfecabe793a3c51741eeb92ed2c3d83\node_modules\next\dist\server\lib\start-server.js:141:13) {
  clientVersion: '6.19.3',
  errorCode: undefined,
  retryable: undefined
}
{"level":"warn","message":"Failed to persist weather data (continuing)","timestamp":"2026-09-27T08:00:15.827Z","metadata":{"error":"PrismaClientInitializationError: \nInvalid `__TURBOPACK__imported__module__$5b$project$5d2f$server$2f$prisma$2e$ts__$5b$app$2d$route$5d$__$28$ecmascript$29$__[\"prisma\"].weatherData.create()` invocation in\nE:\\Hackathons\\disaster management\\disaster-response-platform\\.next\\server\\chunks\\_05664a._.js:173:171\n\n  170 const rainfallMm = data.rain?.[\"1h\"] ?? data.rain?.[\"3h\"] ?? 0;\n  171 let recorded = null;\n  172 try {\n→ 173     const record = await __TURBOPACK__imported__module__$5b$project$5d2f$server$2f$prisma$2e$ts__$5b$app$2d$route$5d$__$28$ecmascript$29$__[\"prisma\"].weatherData.create(\nCan't reach database server at `db.yznlvqiivefxbpqiaxce.supabase.co:5432`\n\nPlease make sure your database server is running at `db.yznlvqiivefxbpqiaxce.supabase.co:5432`."}}
{"level":"warn","message":"Failed to persist weather data (continuing)","timestamp":"2026-09-27T08:00:15.841Z","metadata":{"error":"PrismaClientInitializationError: \nInvalid `__TURBOPACK__imported__module__$5b$project$5d2f$server$2f$prisma$2e$ts__$5b$app$2d$route$5d$__$28$ecmascript$29$__[\"prisma\"].weatherData.create()` invocation in\nE:\\Hackathons\\disaster management\\disaster-response-platform\\.next\\server\\chunks\\_05664a._.js:173:171\n\n  170 const rainfallMm = data.rain?.[\"1h\"] ?? data.rain?.[\"3h\"] ?? 0;\n  171 let recorded = null;\n  172 try {\n→ 173     const record = await __TURBOPACK__imported__module__$5b$project$5d2f$server$2f$prisma$2e$ts__$5b$app$2d$route$5d$__$28$ecmascript$29$__[\"prisma\"].weatherData.create(\nCan't reach database server at `db.yznlvqiivefxbpqiaxce.supabase.co:5432`\n\nPlease make sure your database server is running at `db.yznlvqiivefxbpqiaxce.supabase.co:5432`."}}
{"level":"warn","message":"Failed to persist weather data (continuing)","timestamp":"2026-09-27T08:00:15.920Z","metadata":{"error":"PrismaClientInitializationError: \nInvalid `__TURBOPACK__imported__module__$5b$project$5d2f$server$2f$prisma$2e$ts__$5b$app$2d$route$5d$__$28$ecmascript$29$__[\"prisma\"].weatherData.create()` invocation in\nE:\\Hackathons\\disaster management\\disaster-response-platform\\.next\\server\\chunks\\_05664a._.js:173:171\n\n  170 const rainfallMm = data.rain?.[\"1h\"] ?? data.rain?.[\"3h\"] ?? 0;\n  171 let recorded = null;\n  172 try {\n→ 173     const record = await __TURBOPACK__imported__module__$5b$project$5d2f$server$2f$prisma$2e$ts__$5b$app$2d$route$5d$__$28$ecmascript$29$__[\"prisma\"].weatherData.create(\nCan't reach database server at `db.yznlvqiivefxbpqiaxce.supabase.co:5432`\n\nPlease make sure your database server is running at `db.yznlvqiivefxbpqiaxce.supabase.co:5432`."}}
[public/shelters] Database unavailable PrismaClientInitializationError: 
Invalid `prisma.shelter.findMany()` invocation:


Can't reach database server at `db.yznlvqiivefxbpqiaxce.supabase.co:5432`

Please make sure your database server is running at `db.yznlvqiivefxbpqiaxce.supabase.co:5432`.
    at ei.handleRequestError (E:\Hackathons\disaster management\disaster-response-platform\node_modules\.pnpm\@prisma+client@6.19.3_prism_1d040ab5215f59f0e27ddee7f0cf082e\node_modules\@prisma\client\runtime\library.js:121:7568)
    at ei.handleAndLogRequestError (E:\Hackathons\disaster management\disaster-response-platform\node_modules\.pnpm\@prisma+client@6.19.3_prism_1d040ab5215f59f0e27ddee7f0cf082e\node_modules\@prisma\client\runtime\library.js:121:6593)
    at ei.request (E:\Hackathons\disaster management\disaster-response-platform\node_modules\.pnpm\@prisma+client@6.19.3_prism_1d040ab5215f59f0e27ddee7f0cf082e\node_modules\@prisma\client\runtime\library.js:121:6300)
    at async a (E:\Hackathons\disaster management\disaster-response-platform\node_modules\.pnpm\@prisma+client@6.19.3_prism_1d040ab5215f59f0e27ddee7f0cf082e\node_modules\@prisma\client\runtime\library.js:130:9551)
    at async module.exports.[project]/app/api/public/shelters/route.ts [app-route] (ecmascript).fetchPublicShelters.revalidate (E:\Hackathons\disaster management\disaster-response-platform\.next\server\chunks\_e046e8._.js:390:18)
    at async cachedCb (E:\Hackathons\disaster management\disaster-response-platform\.next\server\chunks\ae68b_next_885786._.js:5667:28)
    at async GET (E:\Hackathons\disaster management\disaster-response-platform\.next\server\chunks\_e046e8._.js:425:26)
    at async E:\Hackathons\disaster management\disaster-response-platform\node_modules\.pnpm\next@14.2.35_@babel+core@7._0cfecabe793a3c51741eeb92ed2c3d83\node_modules\next\dist\compiled\next-server\app-route.runtime.dev.js:6:57228
    at async eT.execute (E:\Hackathons\disaster management\disaster-response-platform\node_modules\.pnpm\next@14.2.35_@babel+core@7._0cfecabe793a3c51741eeb92ed2c3d83\node_modules\next\dist\compiled\next-server\app-route.runtime.dev.js:6:46851)
    at async eT.handle (E:\Hackathons\disaster management\disaster-response-platform\node_modules\.pnpm\next@14.2.35_@babel+core@7._0cfecabe793a3c51741eeb92ed2c3d83\node_modules\next\dist\compiled\next-server\app-route.runtime.dev.js:6:58760)
    at async doRender (E:\Hackathons\disaster management\disaster-response-platform\node_modules\.pnpm\next@14.2.35_@babel+core@7._0cfecabe793a3c51741eeb92ed2c3d83\node_modules\next\dist\server\base-server.js:1366:42)
    at async cacheEntry.responseCache.get.routeKind (E:\Hackathons\disaster management\disaster-response-platform\node_modules\.pnpm\next@14.2.35_@babel+core@7._0cfecabe793a3c51741eeb92ed2c3d83\node_modules\next\dist\server\base-server.js:1588:28)
    at async DevServer.renderToResponseWithComponentsImpl (E:\Hackathons\disaster management\disaster-response-platform\node_modules\.pnpm\next@14.2.35_@babel+core@7._0cfecabe793a3c51741eeb92ed2c3d83\node_modules\next\dist\server\base-server.js:1496:28)
    at async DevServer.renderPageComponent (E:\Hackathons\disaster management\disaster-response-platform\node_modules\.pnpm\next@14.2.35_@babel+core@7._0cfecabe793a3c51741eeb92ed2c3d83\node_modules\next\dist\server\base-server.js:1924:24)
    at async DevServer.renderToResponseImpl (E:\Hackathons\disaster management\disaster-response-platform\node_modules\.pnpm\next@14.2.35_@babel+core@7._0cfecabe793a3c51741eeb92ed2c3d83\node_modules\next\dist\server\base-server.js:1962:32)
    at async DevServer.pipeImpl (E:\Hackathons\disaster management\disaster-response-platform\node_modules\.pnpm\next@14.2.35_@babel+core@7._0cfecabe793a3c51741eeb92ed2c3d83\node_modules\next\dist\server\base-server.js:922:25)
    at async NextNodeServer.handleCatchallRenderRequest (E:\Hackathons\disaster management\disaster-response-platform\node_modules\.pnpm\next@14.2.35_@babel+core@7._0cfecabe793a3c51741eeb92ed2c3d83\node_modules\next\dist\server\next-server.js:272:17)
    at async DevServer.handleRequestImpl (E:\Hackathons\disaster management\disaster-response-platform\node_modules\.pnpm\next@14.2.35_@babel+core@7._0cfecabe793a3c51741eeb92ed2c3d83\node_modules\next\dist\server\base-server.js:818:17)
    at async E:\Hackathons\disaster management\disaster-response-platform\node_modules\.pnpm\next@14.2.35_@babel+core@7._0cfecabe793a3c51741eeb92ed2c3d83\node_modules\next\dist\server\dev\next-dev-server.js:339:20
    at async Span.traceAsyncFn (E:\Hackathons\disaster management\disaster-response-platform\node_modules\.pnpm\next@14.2.35_@babel+core@7._0cfecabe793a3c51741eeb92ed2c3d83\node_modules\next\dist\trace\trace.js:154:20)
    at async DevServer.handleRequest (E:\Hackathons\disaster management\disaster-response-platform\node_modules\.pnpm\next@14.2.35_@babel+core@7._0cfecabe793a3c51741eeb92ed2c3d83\node_modules\next\dist\server\dev\next-dev-server.js:336:24)
    at async invokeRender (E:\Hackathons\disaster management\disaster-response-platform\node_modules\.pnpm\next@14.2.35_@babel+core@7._0cfecabe793a3c51741eeb92ed2c3d83\node_modules\next\dist\server\lib\router-server.js:179:21)
    at async handleRequest (E:\Hackathons\disaster management\disaster-response-platform\node_modules\.pnpm\next@14.2.35_@babel+core@7._0cfecabe793a3c51741eeb92ed2c3d83\node_modules\next\dist\server\lib\router-server.js:359:24)
    at async requestHandlerImpl (E:\Hackathons\disaster management\disaster-response-platform\node_modules\.pnpm\next@14.2.35_@babel+core@7._0cfecabe793a3c51741eeb92ed2c3d83\node_modules\next\dist\server\lib\router-server.js:383:13)
    at async Server.requestListener (E:\Hackathons\disaster management\disaster-response-platform\node_modules\.pnpm\next@14.2.35_@babel+core@7._0cfecabe793a3c51741eeb92ed2c3d83\node_modules\next\dist\server\lib\start-server.js:141:13) {
  clientVersion: '6.19.3',
  errorCode: undefined,
  retryable: undefined
}
[public/shelters] Database unavailable PrismaClientInitializationError: 
Invalid `prisma.shelter.findMany()` invocation:


Can't reach database server at `db.yznlvqiivefxbpqiaxce.supabase.co:5432`

Please make sure your database server is running at `db.yznlvqiivefxbpqiaxce.supabase.co:5432`.
    at ei.handleRequestError (E:\Hackathons\disaster management\disaster-response-platform\node_modules\.pnpm\@prisma+client@6.19.3_prism_1d040ab5215f59f0e27ddee7f0cf082e\node_modules\@prisma\client\runtime\library.js:121:7568)
    at ei.handleAndLogRequestError (E:\Hackathons\disaster management\disaster-response-platform\node_modules\.pnpm\@prisma+client@6.19.3_prism_1d040ab5215f59f0e27ddee7f0cf082e\node_modules\@prisma\client\runtime\library.js:121:6593)
    at ei.request (E:\Hackathons\disaster management\disaster-response-platform\node_modules\.pnpm\@prisma+client@6.19.3_prism_1d040ab5215f59f0e27ddee7f0cf082e\node_modules\@prisma\client\runtime\library.js:121:6300)
    at async a (E:\Hackathons\disaster management\disaster-response-platform\node_modules\.pnpm\@prisma+client@6.19.3_prism_1d040ab5215f59f0e27ddee7f0cf082e\node_modules\@prisma\client\runtime\library.js:130:9551)
    at async module.exports.[project]/app/api/public/shelters/route.ts [app-route] (ecmascript).fetchPublicShelters.revalidate (E:\Hackathons\disaster management\disaster-response-platform\.next\server\chunks\_e046e8._.js:390:18)
    at async cachedCb (E:\Hackathons\disaster management\disaster-response-platform\.next\server\chunks\ae68b_next_885786._.js:5667:28)
    at async GET (E:\Hackathons\disaster management\disaster-response-platform\.next\server\chunks\_e046e8._.js:425:26)
    at async E:\Hackathons\disaster management\disaster-response-platform\node_modules\.pnpm\next@14.2.35_@babel+core@7._0cfecabe793a3c51741eeb92ed2c3d83\node_modules\next\dist\compiled\next-server\app-route.runtime.dev.js:6:57228
    at async eT.execute (E:\Hackathons\disaster management\disaster-response-platform\node_modules\.pnpm\next@14.2.35_@babel+core@7._0cfecabe793a3c51741eeb92ed2c3d83\node_modules\next\dist\compiled\next-server\app-route.runtime.dev.js:6:46851)
    at async eT.handle (E:\Hackathons\disaster management\disaster-response-platform\node_modules\.pnpm\next@14.2.35_@babel+core@7._0cfecabe793a3c51741eeb92ed2c3d83\node_modules\next\dist\compiled\next-server\app-route.runtime.dev.js:6:58760)
    at async doRender (E:\Hackathons\disaster management\disaster-response-platform\node_modules\.pnpm\next@14.2.35_@babel+core@7._0cfecabe793a3c51741eeb92ed2c3d83\node_modules\next\dist\server\base-server.js:1366:42)
    at async cacheEntry.responseCache.get.routeKind (E:\Hackathons\disaster management\disaster-response-platform\node_modules\.pnpm\next@14.2.35_@babel+core@7._0cfecabe793a3c51741eeb92ed2c3d83\node_modules\next\dist\server\base-server.js:1588:28)
    at async DevServer.renderToResponseWithComponentsImpl (E:\Hackathons\disaster management\disaster-response-platform\node_modules\.pnpm\next@14.2.35_@babel+core@7._0cfecabe793a3c51741eeb92ed2c3d83\node_modules\next\dist\server\base-server.js:1496:28)
    at async DevServer.renderPageComponent (E:\Hackathons\disaster management\disaster-response-platform\node_modules\.pnpm\next@14.2.35_@babel+core@7._0cfecabe793a3c51741eeb92ed2c3d83\node_modules\next\dist\server\base-server.js:1924:24)
    at async DevServer.renderToResponseImpl (E:\Hackathons\disaster management\disaster-response-platform\node_modules\.pnpm\next@14.2.35_@babel+core@7._0cfecabe793a3c51741eeb92ed2c3d83\node_modules\next\dist\server\base-server.js:1962:32)
    at async DevServer.pipeImpl (E:\Hackathons\disaster management\disaster-response-platform\node_modules\.pnpm\next@14.2.35_@babel+core@7._0cfecabe793a3c51741eeb92ed2c3d83\node_modules\next\dist\server\base-server.js:922:25)
    at async NextNodeServer.handleCatchallRenderRequest (E:\Hackathons\disaster management\disaster-response-platform\node_modules\.pnpm\next@14.2.35_@babel+core@7._0cfecabe793a3c51741eeb92ed2c3d83\node_modules\next\dist\server\next-server.js:272:17)
    at async DevServer.handleRequestImpl (E:\Hackathons\disaster management\disaster-response-platform\node_modules\.pnpm\next@14.2.35_@babel+core@7._0cfecabe793a3c51741eeb92ed2c3d83\node_modules\next\dist\server\base-server.js:818:17)
    at async E:\Hackathons\disaster management\disaster-response-platform\node_modules\.pnpm\next@14.2.35_@babel+core@7._0cfecabe793a3c51741eeb92ed2c3d83\node_modules\next\dist\server\dev\next-dev-server.js:339:20
    at async Span.traceAsyncFn (E:\Hackathons\disaster management\disaster-response-platform\node_modules\.pnpm\next@14.2.35_@babel+core@7._0cfecabe793a3c51741eeb92ed2c3d83\node_modules\next\dist\trace\trace.js:154:20)
    at async DevServer.handleRequest (E:\Hackathons\disaster management\disaster-response-platform\node_modules\.pnpm\next@14.2.35_@babel+core@7._0cfecabe793a3c51741eeb92ed2c3d83\node_modules\next\dist\server\dev\next-dev-server.js:336:24)
    at async invokeRender (E:\Hackathons\disaster management\disaster-response-platform\node_modules\.pnpm\next@14.2.35_@babel+core@7._0cfecabe793a3c51741eeb92ed2c3d83\node_modules\next\dist\server\lib\router-server.js:179:21)
    at async handleRequest (E:\Hackathons\disaster management\disaster-response-platform\node_modules\.pnpm\next@14.2.35_@babel+core@7._0cfecabe793a3c51741eeb92ed2c3d83\node_modules\next\dist\server\lib\router-server.js:359:24)
    at async requestHandlerImpl (E:\Hackathons\disaster management\disaster-response-platform\node_modules\.pnpm\next@14.2.35_@babel+core@7._0cfecabe793a3c51741eeb92ed2c3d83\node_modules\next\dist\server\lib\router-server.js:383:13)
    at async Server.requestListener (E:\Hackathons\disaster management\disaster-response-platform\node_modules\.pnpm\next@14.2.35_@babel+core@7._0cfecabe793a3c51741eeb92ed2c3d83\node_modules\next\dist\server\lib\start-server.js:141:13) {
  clientVersion: '6.19.3',
  errorCode: undefined,
  retryable: undefined
}
[public/shelters] Database unavailable PrismaClientInitializationError: 
Invalid `prisma.shelter.findMany()` invocation:


Can't reach database server at `db.yznlvqiivefxbpqiaxce.supabase.co:5432`

Please make sure your database server is running at `db.yznlvqiivefxbpqiaxce.supabase.co:5432`.
    at ei.handleRequestError (E:\Hackathons\disaster management\disaster-response-platform\node_modules\.pnpm\@prisma+client@6.19.3_prism_1d040ab5215f59f0e27ddee7f0cf082e\node_modules\@prisma\client\runtime\library.js:121:7568)
    at ei.handleAndLogRequestError (E:\Hackathons\disaster management\disaster-response-platform\node_modules\.pnpm\@prisma+client@6.19.3_prism_1d040ab5215f59f0e27ddee7f0cf082e\node_modules\@prisma\client\runtime\library.js:121:6593)
    at ei.request (E:\Hackathons\disaster management\disaster-response-platform\node_modules\.pnpm\@prisma+client@6.19.3_prism_1d040ab5215f59f0e27ddee7f0cf082e\node_modules\@prisma\client\runtime\library.js:121:6300)
    at async a (E:\Hackathons\disaster management\disaster-response-platform\node_modules\.pnpm\@prisma+client@6.19.3_prism_1d040ab5215f59f0e27ddee7f0cf082e\node_modules\@prisma\client\runtime\library.js:130:9551)
    at async module.exports.[project]/app/api/public/shelters/route.ts [app-route] (ecmascript).fetchPublicShelters.revalidate (E:\Hackathons\disaster management\disaster-response-platform\.next\server\chunks\_e046e8._.js:390:18)
    at async cachedCb (E:\Hackathons\disaster management\disaster-response-platform\.next\server\chunks\ae68b_next_885786._.js:5667:28)
    at async GET (E:\Hackathons\disaster management\disaster-response-platform\.next\server\chunks\_e046e8._.js:425:26)
    at async E:\Hackathons\disaster management\disaster-response-platform\node_modules\.pnpm\next@14.2.35_@babel+core@7._0cfecabe793a3c51741eeb92ed2c3d83\node_modules\next\dist\compiled\next-server\app-route.runtime.dev.js:6:57228
    at async eT.execute (E:\Hackathons\disaster management\disaster-response-platform\node_modules\.pnpm\next@14.2.35_@babel+core@7._0cfecabe793a3c51741eeb92ed2c3d83\node_modules\next\dist\compiled\next-server\app-route.runtime.dev.js:6:46851)
    at async eT.handle (E:\Hackathons\disaster management\disaster-response-platform\node_modules\.pnpm\next@14.2.35_@babel+core@7._0cfecabe793a3c51741eeb92ed2c3d83\node_modules\next\dist\compiled\next-server\app-route.runtime.dev.js:6:58760)
    at async doRender (E:\Hackathons\disaster management\disaster-response-platform\node_modules\.pnpm\next@14.2.35_@babel+core@7._0cfecabe793a3c51741eeb92ed2c3d83\node_modules\next\dist\server\base-server.js:1366:42)
    at async cacheEntry.responseCache.get.routeKind (E:\Hackathons\disaster management\disaster-response-platform\node_modules\.pnpm\next@14.2.35_@babel+core@7._0cfecabe793a3c51741eeb92ed2c3d83\node_modules\next\dist\server\base-server.js:1588:28)
    at async DevServer.renderToResponseWithComponentsImpl (E:\Hackathons\disaster management\disaster-response-platform\node_modules\.pnpm\next@14.2.35_@babel+core@7._0cfecabe793a3c51741eeb92ed2c3d83\node_modules\next\dist\server\base-server.js:1496:28)
    at async DevServer.renderPageComponent (E:\Hackathons\disaster management\disaster-response-platform\node_modules\.pnpm\next@14.2.35_@babel+core@7._0cfecabe793a3c51741eeb92ed2c3d83\node_modules\next\dist\server\base-server.js:1924:24)
    at async DevServer.renderToResponseImpl (E:\Hackathons\disaster management\disaster-response-platform\node_modules\.pnpm\next@14.2.35_@babel+core@7._0cfecabe793a3c51741eeb92ed2c3d83\node_modules\next\dist\server\base-server.js:1962:32)
    at async DevServer.pipeImpl (E:\Hackathons\disaster management\disaster-response-platform\node_modules\.pnpm\next@14.2.35_@babel+core@7._0cfecabe793a3c51741eeb92ed2c3d83\node_modules\next\dist\server\base-server.js:922:25)
    at async NextNodeServer.handleCatchallRenderRequest (E:\Hackathons\disaster management\disaster-response-platform\node_modules\.pnpm\next@14.2.35_@babel+core@7._0cfecabe793a3c51741eeb92ed2c3d83\node_modules\next\dist\server\next-server.js:272:17)
    at async DevServer.handleRequestImpl (E:\Hackathons\disaster management\disaster-response-platform\node_modules\.pnpm\next@14.2.35_@babel+core@7._0cfecabe793a3c51741eeb92ed2c3d83\node_modules\next\dist\server\base-server.js:818:17)
    at async E:\Hackathons\disaster management\disaster-response-platform\node_modules\.pnpm\next@14.2.35_@babel+core@7._0cfecabe793a3c51741eeb92ed2c3d83\node_modules\next\dist\server\dev\next-dev-server.js:339:20
    at async Span.traceAsyncFn (E:\Hackathons\disaster management\disaster-response-platform\node_modules\.pnpm\next@14.2.35_@babel+core@7._0cfecabe793a3c51741eeb92ed2c3d83\node_modules\next\dist\trace\trace.js:154:20)
    at async DevServer.handleRequest (E:\Hackathons\disaster management\disaster-response-platform\node_modules\.pnpm\next@14.2.35_@babel+core@7._0cfecabe793a3c51741eeb92ed2c3d83\node_modules\next\dist\server\dev\next-dev-server.js:336:24)
    at async invokeRender (E:\Hackathons\disaster management\disaster-response-platform\node_modules\.pnpm\next@14.2.35_@babel+core@7._0cfecabe793a3c51741eeb92ed2c3d83\node_modules\next\dist\server\lib\router-server.js:179:21)
    at async handleRequest (E:\Hackathons\disaster management\disaster-response-platform\node_modules\.pnpm\next@14.2.35_@babel+core@7._0cfecabe793a3c51741eeb92ed2c3d83\node_modules\next\dist\server\lib\router-server.js:359:24)
    at async requestHandlerImpl (E:\Hackathons\disaster management\disaster-response-platform\node_modules\.pnpm\next@14.2.35_@babel+core@7._0cfecabe793a3c51741eeb92ed2c3d83\node_modules\next\dist\server\lib\router-server.js:383:13)
    at async Server.requestListener (E:\Hackathons\disaster management\disaster-response-platform\node_modules\.pnpm\next@14.2.35_@babel+core@7._0cfecabe793a3c51741eeb92ed2c3d83\node_modules\next\dist\server\lib\start-server.js:141:13) {
  clientVersion: '6.19.3',
  errorCode: undefined,
  retryable: undefined
}
[public/shelters] Database unavailable PrismaClientInitializationError: 
Invalid `prisma.shelter.findMany()` invocation:


Can't reach database server at `db.yznlvqiivefxbpqiaxce.supabase.co:5432`

Please make sure your database server is running at `db.yznlvqiivefxbpqiaxce.supabase.co:5432`.
    at ei.handleRequestError (E:\Hackathons\disaster management\disaster-response-platform\node_modules\.pnpm\@prisma+client@6.19.3_prism_1d040ab5215f59f0e27ddee7f0cf082e\node_modules\@prisma\client\runtime\library.js:121:7568)
    at ei.handleAndLogRequestError (E:\Hackathons\disaster management\disaster-response-platform\node_modules\.pnpm\@prisma+client@6.19.3_prism_1d040ab5215f59f0e27ddee7f0cf082e\node_modules\@prisma\client\runtime\library.js:121:6593)
    at ei.request (E:\Hackathons\disaster management\disaster-response-platform\node_modules\.pnpm\@prisma+client@6.19.3_prism_1d040ab5215f59f0e27ddee7f0cf082e\node_modules\@prisma\client\runtime\library.js:121:6300)
    at async a (E:\Hackathons\disaster management\disaster-response-platform\node_modules\.pnpm\@prisma+client@6.19.3_prism_1d040ab5215f59f0e27ddee7f0cf082e\node_modules\@prisma\client\runtime\library.js:130:9551)
    at async module.exports.[project]/app/api/public/shelters/route.ts [app-route] (ecmascript).fetchPublicShelters.revalidate (E:\Hackathons\disaster management\disaster-response-platform\.next\server\chunks\_e046e8._.js:390:18)
    at async cachedCb (E:\Hackathons\disaster management\disaster-response-platform\.next\server\chunks\ae68b_next_885786._.js:5667:28)
    at async GET (E:\Hackathons\disaster management\disaster-response-platform\.next\server\chunks\_e046e8._.js:425:26)
    at async E:\Hackathons\disaster management\disaster-response-platform\node_modules\.pnpm\next@14.2.35_@babel+core@7._0cfecabe793a3c51741eeb92ed2c3d83\node_modules\next\dist\compiled\next-server\app-route.runtime.dev.js:6:57228
    at async eT.execute (E:\Hackathons\disaster management\disaster-response-platform\node_modules\.pnpm\next@14.2.35_@babel+core@7._0cfecabe793a3c51741eeb92ed2c3d83\node_modules\next\dist\compiled\next-server\app-route.runtime.dev.js:6:46851)
    at async eT.handle (E:\Hackathons\disaster management\disaster-response-platform\node_modules\.pnpm\next@14.2.35_@babel+core@7._0cfecabe793a3c51741eeb92ed2c3d83\node_modules\next\dist\compiled\next-server\app-route.runtime.dev.js:6:58760)
    at async doRender (E:\Hackathons\disaster management\disaster-response-platform\node_modules\.pnpm\next@14.2.35_@babel+core@7._0cfecabe793a3c51741eeb92ed2c3d83\node_modules\next\dist\server\base-server.js:1366:42)
    at async cacheEntry.responseCache.get.routeKind (E:\Hackathons\disaster management\disaster-response-platform\node_modules\.pnpm\next@14.2.35_@babel+core@7._0cfecabe793a3c51741eeb92ed2c3d83\node_modules\next\dist\server\base-server.js:1588:28)
    at async DevServer.renderToResponseWithComponentsImpl (E:\Hackathons\disaster management\disaster-response-platform\node_modules\.pnpm\next@14.2.35_@babel+core@7._0cfecabe793a3c51741eeb92ed2c3d83\node_modules\next\dist\server\base-server.js:1496:28)
    at async DevServer.renderPageComponent (E:\Hackathons\disaster management\disaster-response-platform\node_modules\.pnpm\next@14.2.35_@babel+core@7._0cfecabe793a3c51741eeb92ed2c3d83\node_modules\next\dist\server\base-server.js:1924:24)
    at async DevServer.renderToResponseImpl (E:\Hackathons\disaster management\disaster-response-platform\node_modules\.pnpm\next@14.2.35_@babel+core@7._0cfecabe793a3c51741eeb92ed2c3d83\node_modules\next\dist\server\base-server.js:1962:32)
    at async DevServer.pipeImpl (E:\Hackathons\disaster management\disaster-response-platform\node_modules\.pnpm\next@14.2.35_@babel+core@7._0cfecabe793a3c51741eeb92ed2c3d83\node_modules\next\dist\server\base-server.js:922:25)
    at async NextNodeServer.handleCatchallRenderRequest (E:\Hackathons\disaster management\disaster-response-platform\node_modules\.pnpm\next@14.2.35_@babel+core@7._0cfecabe793a3c51741eeb92ed2c3d83\node_modules\next\dist\server\next-server.js:272:17)
    at async DevServer.handleRequestImpl (E:\Hackathons\disaster management\disaster-response-platform\node_modules\.pnpm\next@14.2.35_@babel+core@7._0cfecabe793a3c51741eeb92ed2c3d83\node_modules\next\dist\server\base-server.js:818:17)
    at async E:\Hackathons\disaster management\disaster-response-platform\node_modules\.pnpm\next@14.2.35_@babel+core@7._0cfecabe793a3c51741eeb92ed2c3d83\node_modules\next\dist\server\dev\next-dev-server.js:339:20
    at async Span.traceAsyncFn (E:\Hackathons\disaster management\disaster-response-platform\node_modules\.pnpm\next@14.2.35_@babel+core@7._0cfecabe793a3c51741eeb92ed2c3d83\node_modules\next\dist\trace\trace.js:154:20)
    at async DevServer.handleRequest (E:\Hackathons\disaster management\disaster-response-platform\node_modules\.pnpm\next@14.2.35_@babel+core@7._0cfecabe793a3c51741eeb92ed2c3d83\node_modules\next\dist\server\dev\next-dev-server.js:336:24)
    at async invokeRender (E:\Hackathons\disaster management\disaster-response-platform\node_modules\.pnpm\next@14.2.35_@babel+core@7._0cfecabe793a3c51741eeb92ed2c3d83\node_modules\next\dist\server\lib\router-server.js:179:21)
    at async handleRequest (E:\Hackathons\disaster management\disaster-response-platform\node_modules\.pnpm\next@14.2.35_@babel+core@7._0cfecabe793a3c51741eeb92ed2c3d83\node_modules\next\dist\server\lib\router-server.js:359:24)
    at async requestHandlerImpl (E:\Hackathons\disaster management\disaster-response-platform\node_modules\.pnpm\next@14.2.35_@babel+core@7._0cfecabe793a3c51741eeb92ed2c3d83\node_modules\next\dist\server\lib\router-server.js:383:13)
    at async Server.requestListener (E:\Hackathons\disaster management\disaster-response-platform\node_modules\.pnpm\next@14.2.35_@babel+core@7._0cfecabe793a3c51741eeb92ed2c3d83\node_modules\next\dist\server\lib\start-server.js:141:13) {
  clientVersion: '6.19.3',
  errorCode: undefined,
  retryable: undefined
}
[public/shelters] Database unavailable PrismaClientInitializationError: 
Invalid `prisma.shelter.findMany()` invocation:


Can't reach database server at `db.yznlvqiivefxbpqiaxce.supabase.co:5432`

Please make sure your database server is running at `db.yznlvqiivefxbpqiaxce.supabase.co:5432`.
    at ei.handleRequestError (E:\Hackathons\disaster management\disaster-response-platform\node_modules\.pnpm\@prisma+client@6.19.3_prism_1d040ab5215f59f0e27ddee7f0cf082e\node_modules\@prisma\client\runtime\library.js:121:7568)
    at ei.handleAndLogRequestError (E:\Hackathons\disaster management\disaster-response-platform\node_modules\.pnpm\@prisma+client@6.19.3_prism_1d040ab5215f59f0e27ddee7f0cf082e\node_modules\@prisma\client\runtime\library.js:121:6593)
    at ei.request (E:\Hackathons\disaster management\disaster-response-platform\node_modules\.pnpm\@prisma+client@6.19.3_prism_1d040ab5215f59f0e27ddee7f0cf082e\node_modules\@prisma\client\runtime\library.js:121:6300)
    at async a (E:\Hackathons\disaster management\disaster-response-platform\node_modules\.pnpm\@prisma+client@6.19.3_prism_1d040ab5215f59f0e27ddee7f0cf082e\node_modules\@prisma\client\runtime\library.js:130:9551)
    at async module.exports.[project]/app/api/public/shelters/route.ts [app-route] (ecmascript).fetchPublicShelters.revalidate (E:\Hackathons\disaster management\disaster-response-platform\.next\server\chunks\_e046e8._.js:390:18)
    at async cachedCb (E:\Hackathons\disaster management\disaster-response-platform\.next\server\chunks\ae68b_next_885786._.js:5667:28)
    at async GET (E:\Hackathons\disaster management\disaster-response-platform\.next\server\chunks\_e046e8._.js:425:26)
    at async E:\Hackathons\disaster management\disaster-response-platform\node_modules\.pnpm\next@14.2.35_@babel+core@7._0cfecabe793a3c51741eeb92ed2c3d83\node_modules\next\dist\compiled\next-server\app-route.runtime.dev.js:6:57228
    at async eT.execute (E:\Hackathons\disaster management\disaster-response-platform\node_modules\.pnpm\next@14.2.35_@babel+core@7._0cfecabe793a3c51741eeb92ed2c3d83\node_modules\next\dist\compiled\next-server\app-route.runtime.dev.js:6:46851)
    at async eT.handle (E:\Hackathons\disaster management\disaster-response-platform\node_modules\.pnpm\next@14.2.35_@babel+core@7._0cfecabe793a3c51741eeb92ed2c3d83\node_modules\next\dist\compiled\next-server\app-route.runtime.dev.js:6:58760)
    at async doRender (E:\Hackathons\disaster management\disaster-response-platform\node_modules\.pnpm\next@14.2.35_@babel+core@7._0cfecabe793a3c51741eeb92ed2c3d83\node_modules\next\dist\server\base-server.js:1366:42)
    at async cacheEntry.responseCache.get.routeKind (E:\Hackathons\disaster management\disaster-response-platform\node_modules\.pnpm\next@14.2.35_@babel+core@7._0cfecabe793a3c51741eeb92ed2c3d83\node_modules\next\dist\server\base-server.js:1588:28)
    at async DevServer.renderToResponseWithComponentsImpl (E:\Hackathons\disaster management\disaster-response-platform\node_modules\.pnpm\next@14.2.35_@babel+core@7._0cfecabe793a3c51741eeb92ed2c3d83\node_modules\next\dist\server\base-server.js:1496:28)
    at async DevServer.renderPageComponent (E:\Hackathons\disaster management\disaster-response-platform\node_modules\.pnpm\next@14.2.35_@babel+core@7._0cfecabe793a3c51741eeb92ed2c3d83\node_modules\next\dist\server\base-server.js:1924:24)
    at async DevServer.renderToResponseImpl (E:\Hackathons\disaster management\disaster-response-platform\node_modules\.pnpm\next@14.2.35_@babel+core@7._0cfecabe793a3c51741eeb92ed2c3d83\node_modules\next\dist\server\base-server.js:1962:32)
    at async DevServer.pipeImpl (E:\Hackathons\disaster management\disaster-response-platform\node_modules\.pnpm\next@14.2.35_@babel+core@7._0cfecabe793a3c51741eeb92ed2c3d83\node_modules\next\dist\server\base-server.js:922:25)
    at async NextNodeServer.handleCatchallRenderRequest (E:\Hackathons\disaster management\disaster-response-platform\node_modules\.pnpm\next@14.2.35_@babel+core@7._0cfecabe793a3c51741eeb92ed2c3d83\node_modules\next\dist\server\next-server.js:272:17)
    at async DevServer.handleRequestImpl (E:\Hackathons\disaster management\disaster-response-platform\node_modules\.pnpm\next@14.2.35_@babel+core@7._0cfecabe793a3c51741eeb92ed2c3d83\node_modules\next\dist\server\base-server.js:818:17)
    at async E:\Hackathons\disaster management\disaster-response-platform\node_modules\.pnpm\next@14.2.35_@babel+core@7._0cfecabe793a3c51741eeb92ed2c3d83\node_modules\next\dist\server\dev\next-dev-server.js:339:20
    at async Span.traceAsyncFn (E:\Hackathons\disaster management\disaster-response-platform\node_modules\.pnpm\next@14.2.35_@babel+core@7._0cfecabe793a3c51741eeb92ed2c3d83\node_modules\next\dist\trace\trace.js:154:20)
    at async DevServer.handleRequest (E:\Hackathons\disaster management\disaster-response-platform\node_modules\.pnpm\next@14.2.35_@babel+core@7._0cfecabe793a3c51741eeb92ed2c3d83\node_modules\next\dist\server\dev\next-dev-server.js:336:24)
    at async invokeRender (E:\Hackathons\disaster management\disaster-response-platform\node_modules\.pnpm\next@14.2.35_@babel+core@7._0cfecabe793a3c51741eeb92ed2c3d83\node_modules\next\dist\server\lib\router-server.js:179:21)
    at async handleRequest (E:\Hackathons\disaster management\disaster-response-platform\node_modules\.pnpm\next@14.2.35_@babel+core@7._0cfecabe793a3c51741eeb92ed2c3d83\node_modules\next\dist\server\lib\router-server.js:359:24)
    at async requestHandlerImpl (E:\Hackathons\disaster management\disaster-response-platform\node_modules\.pnpm\next@14.2.35_@babel+core@7._0cfecabe793a3c51741eeb92ed2c3d83\node_modules\next\dist\server\lib\router-server.js:383:13)
    at async Server.requestListener (E:\Hackathons\disaster management\disaster-response-platform\node_modules\.pnpm\next@14.2.35_@babel+core@7._0cfecabe793a3c51741eeb92ed2c3d83\node_modules\next\dist\server\lib\start-server.js:141:13) {
  clientVersion: '6.19.3',
  errorCode: undefined,
  retryable: undefined
}
[public/shelters] Database unavailable PrismaClientInitializationError: 
Invalid `prisma.shelter.findMany()` invocation:


Can't reach database server at `db.yznlvqiivefxbpqiaxce.supabase.co:5432`

Please make sure your database server is running at `db.yznlvqiivefxbpqiaxce.supabase.co:5432`.
    at ei.handleRequestError (E:\Hackathons\disaster management\disaster-response-platform\node_modules\.pnpm\@prisma+client@6.19.3_prism_1d040ab5215f59f0e27ddee7f0cf082e\node_modules\@prisma\client\runtime\library.js:121:7568)
    at ei.handleAndLogRequestError (E:\Hackathons\disaster management\disaster-response-platform\node_modules\.pnpm\@prisma+client@6.19.3_prism_1d040ab5215f59f0e27ddee7f0cf082e\node_modules\@prisma\client\runtime\library.js:121:6593)
    at ei.request (E:\Hackathons\disaster management\disaster-response-platform\node_modules\.pnpm\@prisma+client@6.19.3_prism_1d040ab5215f59f0e27ddee7f0cf082e\node_modules\@prisma\client\runtime\library.js:121:6300)
    at async a (E:\Hackathons\disaster management\disaster-response-platform\node_modules\.pnpm\@prisma+client@6.19.3_prism_1d040ab5215f59f0e27ddee7f0cf082e\node_modules\@prisma\client\runtime\library.js:130:9551)
    at async module.exports.[project]/app/api/public/shelters/route.ts [app-route] (ecmascript).fetchPublicShelters.revalidate (E:\Hackathons\disaster management\disaster-response-platform\.next\server\chunks\_e046e8._.js:390:18)
    at async cachedCb (E:\Hackathons\disaster management\disaster-response-platform\.next\server\chunks\ae68b_next_885786._.js:5667:28)
    at async GET (E:\Hackathons\disaster management\disaster-response-platform\.next\server\chunks\_e046e8._.js:425:26)
    at async E:\Hackathons\disaster management\disaster-response-platform\node_modules\.pnpm\next@14.2.35_@babel+core@7._0cfecabe793a3c51741eeb92ed2c3d83\node_modules\next\dist\compiled\next-server\app-route.runtime.dev.js:6:57228
    at async eT.execute (E:\Hackathons\disaster management\disaster-response-platform\node_modules\.pnpm\next@14.2.35_@babel+core@7._0cfecabe793a3c51741eeb92ed2c3d83\node_modules\next\dist\compiled\next-server\app-route.runtime.dev.js:6:46851)
    at async eT.handle (E:\Hackathons\disaster management\disaster-response-platform\node_modules\.pnpm\next@14.2.35_@babel+core@7._0cfecabe793a3c51741eeb92ed2c3d83\node_modules\next\dist\compiled\next-server\app-route.runtime.dev.js:6:58760)
    at async doRender (E:\Hackathons\disaster management\disaster-response-platform\node_modules\.pnpm\next@14.2.35_@babel+core@7._0cfecabe793a3c51741eeb92ed2c3d83\node_modules\next\dist\server\base-server.js:1366:42)
    at async cacheEntry.responseCache.get.routeKind (E:\Hackathons\disaster management\disaster-response-platform\node_modules\.pnpm\next@14.2.35_@babel+core@7._0cfecabe793a3c51741eeb92ed2c3d83\node_modules\next\dist\server\base-server.js:1588:28)
    at async DevServer.renderToResponseWithComponentsImpl (E:\Hackathons\disaster management\disaster-response-platform\node_modules\.pnpm\next@14.2.35_@babel+core@7._0cfecabe793a3c51741eeb92ed2c3d83\node_modules\next\dist\server\base-server.js:1496:28)
    at async DevServer.renderPageComponent (E:\Hackathons\disaster management\disaster-response-platform\node_modules\.pnpm\next@14.2.35_@babel+core@7._0cfecabe793a3c51741eeb92ed2c3d83\node_modules\next\dist\server\base-server.js:1924:24)
    at async DevServer.renderToResponseImpl (E:\Hackathons\disaster management\disaster-response-platform\node_modules\.pnpm\next@14.2.35_@babel+core@7._0cfecabe793a3c51741eeb92ed2c3d83\node_modules\next\dist\server\base-server.js:1962:32)
    at async DevServer.pipeImpl (E:\Hackathons\disaster management\disaster-response-platform\node_modules\.pnpm\next@14.2.35_@babel+core@7._0cfecabe793a3c51741eeb92ed2c3d83\node_modules\next\dist\server\base-server.js:922:25)
    at async NextNodeServer.handleCatchallRenderRequest (E:\Hackathons\disaster management\disaster-response-platform\node_modules\.pnpm\next@14.2.35_@babel+core@7._0cfecabe793a3c51741eeb92ed2c3d83\node_modules\next\dist\server\next-server.js:272:17)
    at async DevServer.handleRequestImpl (E:\Hackathons\disaster management\disaster-response-platform\node_modules\.pnpm\next@14.2.35_@babel+core@7._0cfecabe793a3c51741eeb92ed2c3d83\node_modules\next\dist\server\base-server.js:818:17)
    at async E:\Hackathons\disaster management\disaster-response-platform\node_modules\.pnpm\next@14.2.35_@babel+core@7._0cfecabe793a3c51741eeb92ed2c3d83\node_modules\next\dist\server\dev\next-dev-server.js:339:20
    at async Span.traceAsyncFn (E:\Hackathons\disaster management\disaster-response-platform\node_modules\.pnpm\next@14.2.35_@babel+core@7._0cfecabe793a3c51741eeb92ed2c3d83\node_modules\next\dist\trace\trace.js:154:20)
    at async DevServer.handleRequest (E:\Hackathons\disaster management\disaster-response-platform\node_modules\.pnpm\next@14.2.35_@babel+core@7._0cfecabe793a3c51741eeb92ed2c3d83\node_modules\next\dist\server\dev\next-dev-server.js:336:24)
    at async invokeRender (E:\Hackathons\disaster management\disaster-response-platform\node_modules\.pnpm\next@14.2.35_@babel+core@7._0cfecabe793a3c51741eeb92ed2c3d83\node_modules\next\dist\server\lib\router-server.js:179:21)
    at async handleRequest (E:\Hackathons\disaster management\disaster-response-platform\node_modules\.pnpm\next@14.2.35_@babel+core@7._0cfecabe793a3c51741eeb92ed2c3d83\node_modules\next\dist\server\lib\router-server.js:359:24)
    at async requestHandlerImpl (E:\Hackathons\disaster management\disaster-response-platform\node_modules\.pnpm\next@14.2.35_@babel+core@7._0cfecabe793a3c51741eeb92ed2c3d83\node_modules\next\dist\server\lib\router-server.js:383:13)
    at async Server.requestListener (E:\Hackathons\disaster management\disaster-response-platform\node_modules\.pnpm\next@14.2.35_@babel+core@7._0cfecabe793a3c51741eeb92ed2c3d83\node_modules\next\dist\server\lib\start-server.js:141:13) {
  clientVersion: '6.19.3',
  errorCode: undefined,
  retryable: undefined
}
{"level":"warn","message":"Failed to persist weather data (continuing)","timestamp":"2026-09-27T08:03:19.618Z","metadata":{"error":"PrismaClientInitializationError: \nInvalid `__TURBOPACK__imported__module__$5b$project$5d2f$server$2f$prisma$2e$ts__$5b$app$2d$route$5d$__$28$ecmascript$29$__[\"prisma\"].weatherData.create()` invocation in\nE:\\Hackathons\\disaster management\\disaster-response-platform\\.next\\server\\chunks\\_05664a._.js:173:171\n\n  170 const rainfallMm = data.rain?.[\"1h\"] ?? data.rain?.[\"3h\"] ?? 0;\n  171 let recorded = null;\n  172 try {\n→ 173     const record = await __TURBOPACK__imported__module__$5b$project$5d2f$server$2f$prisma$2e$ts__$5b$app$2d$route$5d$__$28$ecmascript$29$__[\"prisma\"].weatherData.create(\nCan't reach database server at `db.yznlvqiivefxbpqiaxce.supabase.co:5432`\n\nPlease make sure your database server is running at `db.yznlvqiivefxbpqiaxce.supabase.co:5432`."}}
{"level":"warn","message":"Failed to persist weather data (continuing)","timestamp":"2026-09-27T08:03:19.652Z","metadata":{"error":"PrismaClientInitializationError: \nInvalid `__TURBOPACK__imported__module__$5b$project$5d2f$server$2f$prisma$2e$ts__$5b$app$2d$route$5d$__$28$ecmascript$29$__[\"prisma\"].weatherData.create()` invocation in\nE:\\Hackathons\\disaster management\\disaster-response-platform\\.next\\server\\chunks\\_05664a._.js:173:171\n\n  170 const rainfallMm = data.rain?.[\"1h\"] ?? data.rain?.[\"3h\"] ?? 0;\n  171 let recorded = null;\n  172 try {\n→ 173     const record = await __TURBOPACK__imported__module__$5b$project$5d2f$server$2f$prisma$2e$ts__$5b$app$2d$route$5d$__$28$ecmascript$29$__[\"prisma\"].weatherData.create(\nCan't reach database server at `db.yznlvqiivefxbpqiaxce.supabase.co:5432`\n\nPlease make sure your database server is running at `db.yznlvqiivefxbpqiaxce.supabase.co:5432`."}}
{"level":"warn","message":"Failed to persist weather data (continuing)","timestamp":"2026-09-27T08:03:19.834Z","metadata":{"error":"PrismaClientInitializationError: \nInvalid `__TURBOPACK__imported__module__$5b$project$5d2f$server$2f$prisma$2e$ts__$5b$app$2d$route$5d$__$28$ecmascript$29$__[\"prisma\"].weatherData.create()` invocation in\nE:\\Hackathons\\disaster management\\disaster-response-platform\\.next\\server\\chunks\\_05664a._.js:173:171\n\n  170 const rainfallMm = data.rain?.[\"1h\"] ?? data.rain?.[\"3h\"] ?? 0;\n  171 let recorded = null;\n  172 try {\n→ 173     const record = await __TURBOPACK__imported__module__$5b$project$5d2f$server$2f$prisma$2e$ts__$5b$app$2d$route$5d$__$28$ecmascript$29$__[\"prisma\"].weatherData.create(\nCan't reach database server at `db.yznlvqiivefxbpqiaxce.supabase.co:5432`\n\nPlease make sure your database server is running at `db.yznlvqiivefxbpqiaxce.supabase.co:5432`."}}
[public/shelters] Database unavailable PrismaClientInitializationError: 
Invalid `prisma.shelter.findMany()` invocation:


Can't reach database server at `db.yznlvqiivefxbpqiaxce.supabase.co:5432`

Please make sure your database server is running at `db.yznlvqiivefxbpqiaxce.supabase.co:5432`.
    at ei.handleRequestError (E:\Hackathons\disaster management\disaster-response-platform\node_modules\.pnpm\@prisma+client@6.19.3_prism_1d040ab5215f59f0e27ddee7f0cf082e\node_modules\@prisma\client\runtime\library.js:121:7568)
    at ei.handleAndLogRequestError (E:\Hackathons\disaster management\disaster-response-platform\node_modules\.pnpm\@prisma+client@6.19.3_prism_1d040ab5215f59f0e27ddee7f0cf082e\node_modules\@prisma\client\runtime\library.js:121:6593)
    at ei.request (E:\Hackathons\disaster management\disaster-response-platform\node_modules\.pnpm\@prisma+client@6.19.3_prism_1d040ab5215f59f0e27ddee7f0cf082e\node_modules\@prisma\client\runtime\library.js:121:6300)
    at async a (E:\Hackathons\disaster management\disaster-response-platform\node_modules\.pnpm\@prisma+client@6.19.3_prism_1d040ab5215f59f0e27ddee7f0cf082e\node_modules\@prisma\client\runtime\library.js:130:9551)
    at async module.exports.[project]/app/api/public/shelters/route.ts [app-route] (ecmascript).fetchPublicShelters.revalidate (E:\Hackathons\disaster management\disaster-response-platform\.next\server\chunks\_e046e8._.js:390:18)
    at async cachedCb (E:\Hackathons\disaster management\disaster-response-platform\.next\server\chunks\ae68b_next_885786._.js:5667:28)
    at async GET (E:\Hackathons\disaster management\disaster-response-platform\.next\server\chunks\_e046e8._.js:425:26)
    at async E:\Hackathons\disaster management\disaster-response-platform\node_modules\.pnpm\next@14.2.35_@babel+core@7._0cfecabe793a3c51741eeb92ed2c3d83\node_modules\next\dist\compiled\next-server\app-route.runtime.dev.js:6:57228
    at async eT.execute (E:\Hackathons\disaster management\disaster-response-platform\node_modules\.pnpm\next@14.2.35_@babel+core@7._0cfecabe793a3c51741eeb92ed2c3d83\node_modules\next\dist\compiled\next-server\app-route.runtime.dev.js:6:46851)
    at async eT.handle (E:\Hackathons\disaster management\disaster-response-platform\node_modules\.pnpm\next@14.2.35_@babel+core@7._0cfecabe793a3c51741eeb92ed2c3d83\node_modules\next\dist\compiled\next-server\app-route.runtime.dev.js:6:58760)
    at async doRender (E:\Hackathons\disaster management\disaster-response-platform\node_modules\.pnpm\next@14.2.35_@babel+core@7._0cfecabe793a3c51741eeb92ed2c3d83\node_modules\next\dist\server\base-server.js:1366:42)
    at async cacheEntry.responseCache.get.routeKind (E:\Hackathons\disaster management\disaster-response-platform\node_modules\.pnpm\next@14.2.35_@babel+core@7._0cfecabe793a3c51741eeb92ed2c3d83\node_modules\next\dist\server\base-server.js:1588:28)
    at async DevServer.renderToResponseWithComponentsImpl (E:\Hackathons\disaster management\disaster-response-platform\node_modules\.pnpm\next@14.2.35_@babel+core@7._0cfecabe793a3c51741eeb92ed2c3d83\node_modules\next\dist\server\base-server.js:1496:28)
    at async DevServer.renderPageComponent (E:\Hackathons\disaster management\disaster-response-platform\node_modules\.pnpm\next@14.2.35_@babel+core@7._0cfecabe793a3c51741eeb92ed2c3d83\node_modules\next\dist\server\base-server.js:1924:24)
    at async DevServer.renderToResponseImpl (E:\Hackathons\disaster management\disaster-response-platform\node_modules\.pnpm\next@14.2.35_@babel+core@7._0cfecabe793a3c51741eeb92ed2c3d83\node_modules\next\dist\server\base-server.js:1962:32)
    at async DevServer.pipeImpl (E:\Hackathons\disaster management\disaster-response-platform\node_modules\.pnpm\next@14.2.35_@babel+core@7._0cfecabe793a3c51741eeb92ed2c3d83\node_modules\next\dist\server\base-server.js:922:25)
    at async NextNodeServer.handleCatchallRenderRequest (E:\Hackathons\disaster management\disaster-response-platform\node_modules\.pnpm\next@14.2.35_@babel+core@7._0cfecabe793a3c51741eeb92ed2c3d83\node_modules\next\dist\server\next-server.js:272:17)
    at async DevServer.handleRequestImpl (E:\Hackathons\disaster management\disaster-response-platform\node_modules\.pnpm\next@14.2.35_@babel+core@7._0cfecabe793a3c51741eeb92ed2c3d83\node_modules\next\dist\server\base-server.js:818:17)
    at async E:\Hackathons\disaster management\disaster-response-platform\node_modules\.pnpm\next@14.2.35_@babel+core@7._0cfecabe793a3c51741eeb92ed2c3d83\node_modules\next\dist\server\dev\next-dev-server.js:339:20
    at async Span.traceAsyncFn (E:\Hackathons\disaster management\disaster-response-platform\node_modules\.pnpm\next@14.2.35_@babel+core@7._0cfecabe793a3c51741eeb92ed2c3d83\node_modules\next\dist\trace\trace.js:154:20)
    at async DevServer.handleRequest (E:\Hackathons\disaster management\disaster-response-platform\node_modules\.pnpm\next@14.2.35_@babel+core@7._0cfecabe793a3c51741eeb92ed2c3d83\node_modules\next\dist\server\dev\next-dev-server.js:336:24)
    at async invokeRender (E:\Hackathons\disaster management\disaster-response-platform\node_modules\.pnpm\next@14.2.35_@babel+core@7._0cfecabe793a3c51741eeb92ed2c3d83\node_modules\next\dist\server\lib\router-server.js:179:21)
    at async handleRequest (E:\Hackathons\disaster management\disaster-response-platform\node_modules\.pnpm\next@14.2.35_@babel+core@7._0cfecabe793a3c51741eeb92ed2c3d83\node_modules\next\dist\server\lib\router-server.js:359:24)
    at async requestHandlerImpl (E:\Hackathons\disaster management\disaster-response-platform\node_modules\.pnpm\next@14.2.35_@babel+core@7._0cfecabe793a3c51741eeb92ed2c3d83\node_modules\next\dist\server\lib\router-server.js:383:13)
    at async Server.requestListener (E:\Hackathons\disaster management\disaster-response-platform\node_modules\.pnpm\next@14.2.35_@babel+core@7._0cfecabe793a3c51741eeb92ed2c3d83\node_modules\next\dist\server\lib\start-server.js:141:13) {
  clientVersion: '6.19.3',
  errorCode: undefined,
  retryable: undefined
}
[public/shelters] Database unavailable PrismaClientInitializationError: 
Invalid `prisma.shelter.findMany()` invocation:


Can't reach database server at `db.yznlvqiivefxbpqiaxce.supabase.co:5432`

Please make sure your database server is running at `db.yznlvqiivefxbpqiaxce.supabase.co:5432`.
    at ei.handleRequestError (E:\Hackathons\disaster management\disaster-response-platform\node_modules\.pnpm\@prisma+client@6.19.3_prism_1d040ab5215f59f0e27ddee7f0cf082e\node_modules\@prisma\client\runtime\library.js:121:7568)
    at ei.handleAndLogRequestError (E:\Hackathons\disaster management\disaster-response-platform\node_modules\.pnpm\@prisma+client@6.19.3_prism_1d040ab5215f59f0e27ddee7f0cf082e\node_modules\@prisma\client\runtime\library.js:121:6593)
    at ei.request (E:\Hackathons\disaster management\disaster-response-platform\node_modules\.pnpm\@prisma+client@6.19.3_prism_1d040ab5215f59f0e27ddee7f0cf082e\node_modules\@prisma\client\runtime\library.js:121:6300)
    at async a (E:\Hackathons\disaster management\disaster-response-platform\node_modules\.pnpm\@prisma+client@6.19.3_prism_1d040ab5215f59f0e27ddee7f0cf082e\node_modules\@prisma\client\runtime\library.js:130:9551)
    at async module.exports.[project]/app/api/public/shelters/route.ts [app-route] (ecmascript).fetchPublicShelters.revalidate (E:\Hackathons\disaster management\disaster-response-platform\.next\server\chunks\_e046e8._.js:390:18)
    at async cachedCb (E:\Hackathons\disaster management\disaster-response-platform\.next\server\chunks\ae68b_next_885786._.js:5667:28)
    at async GET (E:\Hackathons\disaster management\disaster-response-platform\.next\server\chunks\_e046e8._.js:425:26)
    at async E:\Hackathons\disaster management\disaster-response-platform\node_modules\.pnpm\next@14.2.35_@babel+core@7._0cfecabe793a3c51741eeb92ed2c3d83\node_modules\next\dist\compiled\next-server\app-route.runtime.dev.js:6:57228
    at async eT.execute (E:\Hackathons\disaster management\disaster-response-platform\node_modules\.pnpm\next@14.2.35_@babel+core@7._0cfecabe793a3c51741eeb92ed2c3d83\node_modules\next\dist\compiled\next-server\app-route.runtime.dev.js:6:46851)
    at async eT.handle (E:\Hackathons\disaster management\disaster-response-platform\node_modules\.pnpm\next@14.2.35_@babel+core@7._0cfecabe793a3c51741eeb92ed2c3d83\node_modules\next\dist\compiled\next-server\app-route.runtime.dev.js:6:58760)
    at async doRender (E:\Hackathons\disaster management\disaster-response-platform\node_modules\.pnpm\next@14.2.35_@babel+core@7._0cfecabe793a3c51741eeb92ed2c3d83\node_modules\next\dist\server\base-server.js:1366:42)
    at async cacheEntry.responseCache.get.routeKind (E:\Hackathons\disaster management\disaster-response-platform\node_modules\.pnpm\next@14.2.35_@babel+core@7._0cfecabe793a3c51741eeb92ed2c3d83\node_modules\next\dist\server\base-server.js:1588:28)
    at async DevServer.renderToResponseWithComponentsImpl (E:\Hackathons\disaster management\disaster-response-platform\node_modules\.pnpm\next@14.2.35_@babel+core@7._0cfecabe793a3c51741eeb92ed2c3d83\node_modules\next\dist\server\base-server.js:1496:28)
    at async DevServer.renderPageComponent (E:\Hackathons\disaster management\disaster-response-platform\node_modules\.pnpm\next@14.2.35_@babel+core@7._0cfecabe793a3c51741eeb92ed2c3d83\node_modules\next\dist\server\base-server.js:1924:24)
    at async DevServer.renderToResponseImpl (E:\Hackathons\disaster management\disaster-response-platform\node_modules\.pnpm\next@14.2.35_@babel+core@7._0cfecabe793a3c51741eeb92ed2c3d83\node_modules\next\dist\server\base-server.js:1962:32)
    at async DevServer.pipeImpl (E:\Hackathons\disaster management\disaster-response-platform\node_modules\.pnpm\next@14.2.35_@babel+core@7._0cfecabe793a3c51741eeb92ed2c3d83\node_modules\next\dist\server\base-server.js:922:25)
    at async NextNodeServer.handleCatchallRenderRequest (E:\Hackathons\disaster management\disaster-response-platform\node_modules\.pnpm\next@14.2.35_@babel+core@7._0cfecabe793a3c51741eeb92ed2c3d83\node_modules\next\dist\server\next-server.js:272:17)
    at async DevServer.handleRequestImpl (E:\Hackathons\disaster management\disaster-response-platform\node_modules\.pnpm\next@14.2.35_@babel+core@7._0cfecabe793a3c51741eeb92ed2c3d83\node_modules\next\dist\server\base-server.js:818:17)
    at async E:\Hackathons\disaster management\disaster-response-platform\node_modules\.pnpm\next@14.2.35_@babel+core@7._0cfecabe793a3c51741eeb92ed2c3d83\node_modules\next\dist\server\dev\next-dev-server.js:339:20
    at async Span.traceAsyncFn (E:\Hackathons\disaster management\disaster-response-platform\node_modules\.pnpm\next@14.2.35_@babel+core@7._0cfecabe793a3c51741eeb92ed2c3d83\node_modules\next\dist\trace\trace.js:154:20)
    at async DevServer.handleRequest (E:\Hackathons\disaster management\disaster-response-platform\node_modules\.pnpm\next@14.2.35_@babel+core@7._0cfecabe793a3c51741eeb92ed2c3d83\node_modules\next\dist\server\dev\next-dev-server.js:336:24)
    at async invokeRender (E:\Hackathons\disaster management\disaster-response-platform\node_modules\.pnpm\next@14.2.35_@babel+core@7._0cfecabe793a3c51741eeb92ed2c3d83\node_modules\next\dist\server\lib\router-server.js:179:21)
    at async handleRequest (E:\Hackathons\disaster management\disaster-response-platform\node_modules\.pnpm\next@14.2.35_@babel+core@7._0cfecabe793a3c51741eeb92ed2c3d83\node_modules\next\dist\server\lib\router-server.js:359:24)
    at async requestHandlerImpl (E:\Hackathons\disaster management\disaster-response-platform\node_modules\.pnpm\next@14.2.35_@babel+core@7._0cfecabe793a3c51741eeb92ed2c3d83\node_modules\next\dist\server\lib\router-server.js:383:13)
    at async Server.requestListener (E:\Hackathons\disaster management\disaster-response-platform\node_modules\.pnpm\next@14.2.35_@babel+core@7._0cfecabe793a3c51741eeb92ed2c3d83\node_modules\next\dist\server\lib\start-server.js:141:13) {
  clientVersion: '6.19.3',
  errorCode: undefined,
  retryable: undefined
}
[public/shelters] Database unavailable PrismaClientInitializationError: 
Invalid `prisma.shelter.findMany()` invocation:


Can't reach database server at `db.yznlvqiivefxbpqiaxce.supabase.co:5432`

Please make sure your database server is running at `db.yznlvqiivefxbpqiaxce.supabase.co:5432`.
    at ei.handleRequestError (E:\Hackathons\disaster management\disaster-response-platform\node_modules\.pnpm\@prisma+client@6.19.3_prism_1d040ab5215f59f0e27ddee7f0cf082e\node_modules\@prisma\client\runtime\library.js:121:7568)
    at ei.handleAndLogRequestError (E:\Hackathons\disaster management\disaster-response-platform\node_modules\.pnpm\@prisma+client@6.19.3_prism_1d040ab5215f59f0e27ddee7f0cf082e\node_modules\@prisma\client\runtime\library.js:121:6593)
    at ei.request (E:\Hackathons\disaster management\disaster-response-platform\node_modules\.pnpm\@prisma+client@6.19.3_prism_1d040ab5215f59f0e27ddee7f0cf082e\node_modules\@prisma\client\runtime\library.js:121:6300)
    at async a (E:\Hackathons\disaster management\disaster-response-platform\node_modules\.pnpm\@prisma+client@6.19.3_prism_1d040ab5215f59f0e27ddee7f0cf082e\node_modules\@prisma\client\runtime\library.js:130:9551)
    at async module.exports.[project]/app/api/public/shelters/route.ts [app-route] (ecmascript).fetchPublicShelters.revalidate (E:\Hackathons\disaster management\disaster-response-platform\.next\server\chunks\_e046e8._.js:390:18)
    at async cachedCb (E:\Hackathons\disaster management\disaster-response-platform\.next\server\chunks\ae68b_next_885786._.js:5667:28)
    at async GET (E:\Hackathons\disaster management\disaster-response-platform\.next\server\chunks\_e046e8._.js:425:26)
    at async E:\Hackathons\disaster management\disaster-response-platform\node_modules\.pnpm\next@14.2.35_@babel+core@7._0cfecabe793a3c51741eeb92ed2c3d83\node_modules\next\dist\compiled\next-server\app-route.runtime.dev.js:6:57228
    at async eT.execute (E:\Hackathons\disaster management\disaster-response-platform\node_modules\.pnpm\next@14.2.35_@babel+core@7._0cfecabe793a3c51741eeb92ed2c3d83\node_modules\next\dist\compiled\next-server\app-route.runtime.dev.js:6:46851)
    at async eT.handle (E:\Hackathons\disaster management\disaster-response-platform\node_modules\.pnpm\next@14.2.35_@babel+core@7._0cfecabe793a3c51741eeb92ed2c3d83\node_modules\next\dist\compiled\next-server\app-route.runtime.dev.js:6:58760)
    at async doRender (E:\Hackathons\disaster management\disaster-response-platform\node_modules\.pnpm\next@14.2.35_@babel+core@7._0cfecabe793a3c51741eeb92ed2c3d83\node_modules\next\dist\server\base-server.js:1366:42)
    at async cacheEntry.responseCache.get.routeKind (E:\Hackathons\disaster management\disaster-response-platform\node_modules\.pnpm\next@14.2.35_@babel+core@7._0cfecabe793a3c51741eeb92ed2c3d83\node_modules\next\dist\server\base-server.js:1588:28)
    at async DevServer.renderToResponseWithComponentsImpl (E:\Hackathons\disaster management\disaster-response-platform\node_modules\.pnpm\next@14.2.35_@babel+core@7._0cfecabe793a3c51741eeb92ed2c3d83\node_modules\next\dist\server\base-server.js:1496:28)
    at async DevServer.renderPageComponent (E:\Hackathons\disaster management\disaster-response-platform\node_modules\.pnpm\next@14.2.35_@babel+core@7._0cfecabe793a3c51741eeb92ed2c3d83\node_modules\next\dist\server\base-server.js:1924:24)
    at async DevServer.renderToResponseImpl (E:\Hackathons\disaster management\disaster-response-platform\node_modules\.pnpm\next@14.2.35_@babel+core@7._0cfecabe793a3c51741eeb92ed2c3d83\node_modules\next\dist\server\base-server.js:1962:32)
    at async DevServer.pipeImpl (E:\Hackathons\disaster management\disaster-response-platform\node_modules\.pnpm\next@14.2.35_@babel+core@7._0cfecabe793a3c51741eeb92ed2c3d83\node_modules\next\dist\server\base-server.js:922:25)
    at async NextNodeServer.handleCatchallRenderRequest (E:\Hackathons\disaster management\disaster-response-platform\node_modules\.pnpm\next@14.2.35_@babel+core@7._0cfecabe793a3c51741eeb92ed2c3d83\node_modules\next\dist\server\next-server.js:272:17)
    at async DevServer.handleRequestImpl (E:\Hackathons\disaster management\disaster-response-platform\node_modules\.pnpm\next@14.2.35_@babel+core@7._0cfecabe793a3c51741eeb92ed2c3d83\node_modules\next\dist\server\base-server.js:818:17)
    at async E:\Hackathons\disaster management\disaster-response-platform\node_modules\.pnpm\next@14.2.35_@babel+core@7._0cfecabe793a3c51741eeb92ed2c3d83\node_modules\next\dist\server\dev\next-dev-server.js:339:20
    at async Span.traceAsyncFn (E:\Hackathons\disaster management\disaster-response-platform\node_modules\.pnpm\next@14.2.35_@babel+core@7._0cfecabe793a3c51741eeb92ed2c3d83\node_modules\next\dist\trace\trace.js:154:20)
    at async DevServer.handleRequest (E:\Hackathons\disaster management\disaster-response-platform\node_modules\.pnpm\next@14.2.35_@babel+core@7._0cfecabe793a3c51741eeb92ed2c3d83\node_modules\next\dist\server\dev\next-dev-server.js:336:24)
    at async invokeRender (E:\Hackathons\disaster management\disaster-response-platform\node_modules\.pnpm\next@14.2.35_@babel+core@7._0cfecabe793a3c51741eeb92ed2c3d83\node_modules\next\dist\server\lib\router-server.js:179:21)
    at async handleRequest (E:\Hackathons\disaster management\disaster-response-platform\node_modules\.pnpm\next@14.2.35_@babel+core@7._0cfecabe793a3c51741eeb92ed2c3d83\node_modules\next\dist\server\lib\router-server.js:359:24)
    at async requestHandlerImpl (E:\Hackathons\disaster management\disaster-response-platform\node_modules\.pnpm\next@14.2.35_@babel+core@7._0cfecabe793a3c51741eeb92ed2c3d83\node_modules\next\dist\server\lib\router-server.js:383:13)
    at async Server.requestListener (E:\Hackathons\disaster management\disaster-response-platform\node_modules\.pnpm\next@14.2.35_@babel+core@7._0cfecabe793a3c51741eeb92ed2c3d83\node_modules\next\dist\server\lib\start-server.js:141:13) {
  clientVersion: '6.19.3',
  errorCode: undefined,
  retryable: undefined
}
[public/shelters] Database unavailable PrismaClientInitializationError: 
Invalid `prisma.shelter.findMany()` invocation:


Can't reach database server at `db.yznlvqiivefxbpqiaxce.supabase.co:5432`

Please make sure your database server is running at `db.yznlvqiivefxbpqiaxce.supabase.co:5432`.
    at ei.handleRequestError (E:\Hackathons\disaster management\disaster-response-platform\node_modules\.pnpm\@prisma+client@6.19.3_prism_1d040ab5215f59f0e27ddee7f0cf082e\node_modules\@prisma\client\runtime\library.js:121:7568)
    at ei.handleAndLogRequestError (E:\Hackathons\disaster management\disaster-response-platform\node_modules\.pnpm\@prisma+client@6.19.3_prism_1d040ab5215f59f0e27ddee7f0cf082e\node_modules\@prisma\client\runtime\library.js:121:6593)
    at ei.request (E:\Hackathons\disaster management\disaster-response-platform\node_modules\.pnpm\@prisma+client@6.19.3_prism_1d040ab5215f59f0e27ddee7f0cf082e\node_modules\@prisma\client\runtime\library.js:121:6300)
    at async a (E:\Hackathons\disaster management\disaster-response-platform\node_modules\.pnpm\@prisma+client@6.19.3_prism_1d040ab5215f59f0e27ddee7f0cf082e\node_modules\@prisma\client\runtime\library.js:130:9551)
    at async module.exports.[project]/app/api/public/shelters/route.ts [app-route] (ecmascript).fetchPublicShelters.revalidate (E:\Hackathons\disaster management\disaster-response-platform\.next\server\chunks\_e046e8._.js:390:18)
    at async cachedCb (E:\Hackathons\disaster management\disaster-response-platform\.next\server\chunks\ae68b_next_885786._.js:5667:28)
    at async GET (E:\Hackathons\disaster management\disaster-response-platform\.next\server\chunks\_e046e8._.js:425:26)
    at async E:\Hackathons\disaster management\disaster-response-platform\node_modules\.pnpm\next@14.2.35_@babel+core@7._0cfecabe793a3c51741eeb92ed2c3d83\node_modules\next\dist\compiled\next-server\app-route.runtime.dev.js:6:57228
    at async eT.execute (E:\Hackathons\disaster management\disaster-response-platform\node_modules\.pnpm\next@14.2.35_@babel+core@7._0cfecabe793a3c51741eeb92ed2c3d83\node_modules\next\dist\compiled\next-server\app-route.runtime.dev.js:6:46851)
    at async eT.handle (E:\Hackathons\disaster management\disaster-response-platform\node_modules\.pnpm\next@14.2.35_@babel+core@7._0cfecabe793a3c51741eeb92ed2c3d83\node_modules\next\dist\compiled\next-server\app-route.runtime.dev.js:6:58760)
    at async doRender (E:\Hackathons\disaster management\disaster-response-platform\node_modules\.pnpm\next@14.2.35_@babel+core@7._0cfecabe793a3c51741eeb92ed2c3d83\node_modules\next\dist\server\base-server.js:1366:42)
    at async cacheEntry.responseCache.get.routeKind (E:\Hackathons\disaster management\disaster-response-platform\node_modules\.pnpm\next@14.2.35_@babel+core@7._0cfecabe793a3c51741eeb92ed2c3d83\node_modules\next\dist\server\base-server.js:1588:28)
    at async DevServer.renderToResponseWithComponentsImpl (E:\Hackathons\disaster management\disaster-response-platform\node_modules\.pnpm\next@14.2.35_@babel+core@7._0cfecabe793a3c51741eeb92ed2c3d83\node_modules\next\dist\server\base-server.js:1496:28)
    at async DevServer.renderPageComponent (E:\Hackathons\disaster management\disaster-response-platform\node_modules\.pnpm\next@14.2.35_@babel+core@7._0cfecabe793a3c51741eeb92ed2c3d83\node_modules\next\dist\server\base-server.js:1924:24)
    at async DevServer.renderToResponseImpl (E:\Hackathons\disaster management\disaster-response-platform\node_modules\.pnpm\next@14.2.35_@babel+core@7._0cfecabe793a3c51741eeb92ed2c3d83\node_modules\next\dist\server\base-server.js:1962:32)
    at async DevServer.pipeImpl (E:\Hackathons\disaster management\disaster-response-platform\node_modules\.pnpm\next@14.2.35_@babel+core@7._0cfecabe793a3c51741eeb92ed2c3d83\node_modules\next\dist\server\base-server.js:922:25)
    at async NextNodeServer.handleCatchallRenderRequest (E:\Hackathons\disaster management\disaster-response-platform\node_modules\.pnpm\next@14.2.35_@babel+core@7._0cfecabe793a3c51741eeb92ed2c3d83\node_modules\next\dist\server\next-server.js:272:17)
    at async DevServer.handleRequestImpl (E:\Hackathons\disaster management\disaster-response-platform\node_modules\.pnpm\next@14.2.35_@babel+core@7._0cfecabe793a3c51741eeb92ed2c3d83\node_modules\next\dist\server\base-server.js:818:17)
    at async E:\Hackathons\disaster management\disaster-response-platform\node_modules\.pnpm\next@14.2.35_@babel+core@7._0cfecabe793a3c51741eeb92ed2c3d83\node_modules\next\dist\server\dev\next-dev-server.js:339:20
    at async Span.traceAsyncFn (E:\Hackathons\disaster management\disaster-response-platform\node_modules\.pnpm\next@14.2.35_@babel+core@7._0cfecabe793a3c51741eeb92ed2c3d83\node_modules\next\dist\trace\trace.js:154:20)
    at async DevServer.handleRequest (E:\Hackathons\disaster management\disaster-response-platform\node_modules\.pnpm\next@14.2.35_@babel+core@7._0cfecabe793a3c51741eeb92ed2c3d83\node_modules\next\dist\server\dev\next-dev-server.js:336:24)
    at async invokeRender (E:\Hackathons\disaster management\disaster-response-platform\node_modules\.pnpm\next@14.2.35_@babel+core@7._0cfecabe793a3c51741eeb92ed2c3d83\node_modules\next\dist\server\lib\router-server.js:179:21)
    at async handleRequest (E:\Hackathons\disaster management\disaster-response-platform\node_modules\.pnpm\next@14.2.35_@babel+core@7._0cfecabe793a3c51741eeb92ed2c3d83\node_modules\next\dist\server\lib\router-server.js:359:24)
    at async requestHandlerImpl (E:\Hackathons\disaster management\disaster-response-platform\node_modules\.pnpm\next@14.2.35_@babel+core@7._0cfecabe793a3c51741eeb92ed2c3d83\node_modules\next\dist\server\lib\router-server.js:383:13)
    at async Server.requestListener (E:\Hackathons\disaster management\disaster-response-platform\node_modules\.pnpm\next@14.2.35_@babel+core@7._0cfecabe793a3c51741eeb92ed2c3d83\node_modules\next\dist\server\lib\start-server.js:141:13) {
  clientVersion: '6.19.3',
  errorCode: undefined,
  retryable: undefined
}
[public/shelters] Database unavailable PrismaClientInitializationError: 
Invalid `prisma.shelter.findMany()` invocation:


Can't reach database server at `db.yznlvqiivefxbpqiaxce.supabase.co:5432`

Please make sure your database server is running at `db.yznlvqiivefxbpqiaxce.supabase.co:5432`.
    at ei.handleRequestError (E:\Hackathons\disaster management\disaster-response-platform\node_modules\.pnpm\@prisma+client@6.19.3_prism_1d040ab5215f59f0e27ddee7f0cf082e\node_modules\@prisma\client\runtime\library.js:121:7568)
    at ei.handleAndLogRequestError (E:\Hackathons\disaster management\disaster-response-platform\node_modules\.pnpm\@prisma+client@6.19.3_prism_1d040ab5215f59f0e27ddee7f0cf082e\node_modules\@prisma\client\runtime\library.js:121:6593)
    at ei.request (E:\Hackathons\disaster management\disaster-response-platform\node_modules\.pnpm\@prisma+client@6.19.3_prism_1d040ab5215f59f0e27ddee7f0cf082e\node_modules\@prisma\client\runtime\library.js:121:6300)
    at async a (E:\Hackathons\disaster management\disaster-response-platform\node_modules\.pnpm\@prisma+client@6.19.3_prism_1d040ab5215f59f0e27ddee7f0cf082e\node_modules\@prisma\client\runtime\library.js:130:9551)
    at async module.exports.[project]/app/api/public/shelters/route.ts [app-route] (ecmascript).fetchPublicShelters.revalidate (E:\Hackathons\disaster management\disaster-response-platform\.next\server\chunks\_e046e8._.js:390:18)
    at async cachedCb (E:\Hackathons\disaster management\disaster-response-platform\.next\server\chunks\ae68b_next_885786._.js:5667:28)
    at async GET (E:\Hackathons\disaster management\disaster-response-platform\.next\server\chunks\_e046e8._.js:425:26)
    at async E:\Hackathons\disaster management\disaster-response-platform\node_modules\.pnpm\next@14.2.35_@babel+core@7._0cfecabe793a3c51741eeb92ed2c3d83\node_modules\next\dist\compiled\next-server\app-route.runtime.dev.js:6:57228
    at async eT.execute (E:\Hackathons\disaster management\disaster-response-platform\node_modules\.pnpm\next@14.2.35_@babel+core@7._0cfecabe793a3c51741eeb92ed2c3d83\node_modules\next\dist\compiled\next-server\app-route.runtime.dev.js:6:46851)
    at async eT.handle (E:\Hackathons\disaster management\disaster-response-platform\node_modules\.pnpm\next@14.2.35_@babel+core@7._0cfecabe793a3c51741eeb92ed2c3d83\node_modules\next\dist\compiled\next-server\app-route.runtime.dev.js:6:58760)
    at async doRender (E:\Hackathons\disaster management\disaster-response-platform\node_modules\.pnpm\next@14.2.35_@babel+core@7._0cfecabe793a3c51741eeb92ed2c3d83\node_modules\next\dist\server\base-server.js:1366:42)
    at async cacheEntry.responseCache.get.routeKind (E:\Hackathons\disaster management\disaster-response-platform\node_modules\.pnpm\next@14.2.35_@babel+core@7._0cfecabe793a3c51741eeb92ed2c3d83\node_modules\next\dist\server\base-server.js:1588:28)
    at async DevServer.renderToResponseWithComponentsImpl (E:\Hackathons\disaster management\disaster-response-platform\node_modules\.pnpm\next@14.2.35_@babel+core@7._0cfecabe793a3c51741eeb92ed2c3d83\node_modules\next\dist\server\base-server.js:1496:28)
    at async DevServer.renderPageComponent (E:\Hackathons\disaster management\disaster-response-platform\node_modules\.pnpm\next@14.2.35_@babel+core@7._0cfecabe793a3c51741eeb92ed2c3d83\node_modules\next\dist\server\base-server.js:1924:24)
    at async DevServer.renderToResponseImpl (E:\Hackathons\disaster management\disaster-response-platform\node_modules\.pnpm\next@14.2.35_@babel+core@7._0cfecabe793a3c51741eeb92ed2c3d83\node_modules\next\dist\server\base-server.js:1962:32)
    at async DevServer.pipeImpl (E:\Hackathons\disaster management\disaster-response-platform\node_modules\.pnpm\next@14.2.35_@babel+core@7._0cfecabe793a3c51741eeb92ed2c3d83\node_modules\next\dist\server\base-server.js:922:25)
    at async NextNodeServer.handleCatchallRenderRequest (E:\Hackathons\disaster management\disaster-response-platform\node_modules\.pnpm\next@14.2.35_@babel+core@7._0cfecabe793a3c51741eeb92ed2c3d83\node_modules\next\dist\server\next-server.js:272:17)
    at async DevServer.handleRequestImpl (E:\Hackathons\disaster management\disaster-response-platform\node_modules\.pnpm\next@14.2.35_@babel+core@7._0cfecabe793a3c51741eeb92ed2c3d83\node_modules\next\dist\server\base-server.js:818:17)
    at async E:\Hackathons\disaster management\disaster-response-platform\node_modules\.pnpm\next@14.2.35_@babel+core@7._0cfecabe793a3c51741eeb92ed2c3d83\node_modules\next\dist\server\dev\next-dev-server.js:339:20
    at async Span.traceAsyncFn (E:\Hackathons\disaster management\disaster-response-platform\node_modules\.pnpm\next@14.2.35_@babel+core@7._0cfecabe793a3c51741eeb92ed2c3d83\node_modules\next\dist\trace\trace.js:154:20)
    at async DevServer.handleRequest (E:\Hackathons\disaster management\disaster-response-platform\node_modules\.pnpm\next@14.2.35_@babel+core@7._0cfecabe793a3c51741eeb92ed2c3d83\node_modules\next\dist\server\dev\next-dev-server.js:336:24)
    at async invokeRender (E:\Hackathons\disaster management\disaster-response-platform\node_modules\.pnpm\next@14.2.35_@babel+core@7._0cfecabe793a3c51741eeb92ed2c3d83\node_modules\next\dist\server\lib\router-server.js:179:21)
    at async handleRequest (E:\Hackathons\disaster management\disaster-response-platform\node_modules\.pnpm\next@14.2.35_@babel+core@7._0cfecabe793a3c51741eeb92ed2c3d83\node_modules\next\dist\server\lib\router-server.js:359:24)
    at async requestHandlerImpl (E:\Hackathons\disaster management\disaster-response-platform\node_modules\.pnpm\next@14.2.35_@babel+core@7._0cfecabe793a3c51741eeb92ed2c3d83\node_modules\next\dist\server\lib\router-server.js:383:13)
    at async Server.requestListener (E:\Hackathons\disaster management\disaster-response-platform\node_modules\.pnpm\next@14.2.35_@babel+core@7._0cfecabe793a3c51741eeb92ed2c3d83\node_modules\next\dist\server\lib\start-server.js:141:13) {
  clientVersion: '6.19.3',
  errorCode: undefined,
  retryable: undefined
}
[public/shelters] Database unavailable PrismaClientInitializationError: 
Invalid `prisma.shelter.findMany()` invocation:


Can't reach database server at `db.yznlvqiivefxbpqiaxce.supabase.co:5432`

Please make sure your database server is running at `db.yznlvqiivefxbpqiaxce.supabase.co:5432`.
    at ei.handleRequestError (E:\Hackathons\disaster management\disaster-response-platform\node_modules\.pnpm\@prisma+client@6.19.3_prism_1d040ab5215f59f0e27ddee7f0cf082e\node_modules\@prisma\client\runtime\library.js:121:7568)
    at ei.handleAndLogRequestError (E:\Hackathons\disaster management\disaster-response-platform\node_modules\.pnpm\@prisma+client@6.19.3_prism_1d040ab5215f59f0e27ddee7f0cf082e\node_modules\@prisma\client\runtime\library.js:121:6593)
    at ei.request (E:\Hackathons\disaster management\disaster-response-platform\node_modules\.pnpm\@prisma+client@6.19.3_prism_1d040ab5215f59f0e27ddee7f0cf082e\node_modules\@prisma\client\runtime\library.js:121:6300)
    at async a (E:\Hackathons\disaster management\disaster-response-platform\node_modules\.pnpm\@prisma+client@6.19.3_prism_1d040ab5215f59f0e27ddee7f0cf082e\node_modules\@prisma\client\runtime\library.js:130:9551)
    at async module.exports.[project]/app/api/public/shelters/route.ts [app-route] (ecmascript).fetchPublicShelters.revalidate (E:\Hackathons\disaster management\disaster-response-platform\.next\server\chunks\_e046e8._.js:390:18)
    at async cachedCb (E:\Hackathons\disaster management\disaster-response-platform\.next\server\chunks\ae68b_next_885786._.js:5667:28)
    at async GET (E:\Hackathons\disaster management\disaster-response-platform\.next\server\chunks\_e046e8._.js:425:26)
    at async E:\Hackathons\disaster management\disaster-response-platform\node_modules\.pnpm\next@14.2.35_@babel+core@7._0cfecabe793a3c51741eeb92ed2c3d83\node_modules\next\dist\compiled\next-server\app-route.runtime.dev.js:6:57228
    at async eT.execute (E:\Hackathons\disaster management\disaster-response-platform\node_modules\.pnpm\next@14.2.35_@babel+core@7._0cfecabe793a3c51741eeb92ed2c3d83\node_modules\next\dist\compiled\next-server\app-route.runtime.dev.js:6:46851)
    at async eT.handle (E:\Hackathons\disaster management\disaster-response-platform\node_modules\.pnpm\next@14.2.35_@babel+core@7._0cfecabe793a3c51741eeb92ed2c3d83\node_modules\next\dist\compiled\next-server\app-route.runtime.dev.js:6:58760)
    at async doRender (E:\Hackathons\disaster management\disaster-response-platform\node_modules\.pnpm\next@14.2.35_@babel+core@7._0cfecabe793a3c51741eeb92ed2c3d83\node_modules\next\dist\server\base-server.js:1366:42)
    at async cacheEntry.responseCache.get.routeKind (E:\Hackathons\disaster management\disaster-response-platform\node_modules\.pnpm\next@14.2.35_@babel+core@7._0cfecabe793a3c51741eeb92ed2c3d83\node_modules\next\dist\server\base-server.js:1588:28)
    at async DevServer.renderToResponseWithComponentsImpl (E:\Hackathons\disaster management\disaster-response-platform\node_modules\.pnpm\next@14.2.35_@babel+core@7._0cfecabe793a3c51741eeb92ed2c3d83\node_modules\next\dist\server\base-server.js:1496:28)
    at async DevServer.renderPageComponent (E:\Hackathons\disaster management\disaster-response-platform\node_modules\.pnpm\next@14.2.35_@babel+core@7._0cfecabe793a3c51741eeb92ed2c3d83\node_modules\next\dist\server\base-server.js:1924:24)
    at async DevServer.renderToResponseImpl (E:\Hackathons\disaster management\disaster-response-platform\node_modules\.pnpm\next@14.2.35_@babel+core@7._0cfecabe793a3c51741eeb92ed2c3d83\node_modules\next\dist\server\base-server.js:1962:32)
    at async DevServer.pipeImpl (E:\Hackathons\disaster management\disaster-response-platform\node_modules\.pnpm\next@14.2.35_@babel+core@7._0cfecabe793a3c51741eeb92ed2c3d83\node_modules\next\dist\server\base-server.js:922:25)
    at async NextNodeServer.handleCatchallRenderRequest (E:\Hackathons\disaster management\disaster-response-platform\node_modules\.pnpm\next@14.2.35_@babel+core@7._0cfecabe793a3c51741eeb92ed2c3d83\node_modules\next\dist\server\next-server.js:272:17)
    at async DevServer.handleRequestImpl (E:\Hackathons\disaster management\disaster-response-platform\node_modules\.pnpm\next@14.2.35_@babel+core@7._0cfecabe793a3c51741eeb92ed2c3d83\node_modules\next\dist\server\base-server.js:818:17)
    at async E:\Hackathons\disaster management\disaster-response-platform\node_modules\.pnpm\next@14.2.35_@babel+core@7._0cfecabe793a3c51741eeb92ed2c3d83\node_modules\next\dist\server\dev\next-dev-server.js:339:20
    at async Span.traceAsyncFn (E:\Hackathons\disaster management\disaster-response-platform\node_modules\.pnpm\next@14.2.35_@babel+core@7._0cfecabe793a3c51741eeb92ed2c3d83\node_modules\next\dist\trace\trace.js:154:20)
    at async DevServer.handleRequest (E:\Hackathons\disaster management\disaster-response-platform\node_modules\.pnpm\next@14.2.35_@babel+core@7._0cfecabe793a3c51741eeb92ed2c3d83\node_modules\next\dist\server\dev\next-dev-server.js:336:24)
    at async invokeRender (E:\Hackathons\disaster management\disaster-response-platform\node_modules\.pnpm\next@14.2.35_@babel+core@7._0cfecabe793a3c51741eeb92ed2c3d83\node_modules\next\dist\server\lib\router-server.js:179:21)
    at async handleRequest (E:\Hackathons\disaster management\disaster-response-platform\node_modules\.pnpm\next@14.2.35_@babel+core@7._0cfecabe793a3c51741eeb92ed2c3d83\node_modules\next\dist\server\lib\router-server.js:359:24)
    at async requestHandlerImpl (E:\Hackathons\disaster management\disaster-response-platform\node_modules\.pnpm\next@14.2.35_@babel+core@7._0cfecabe793a3c51741eeb92ed2c3d83\node_modules\next\dist\server\lib\router-server.js:383:13)
    at async Server.requestListener (E:\Hackathons\disaster management\disaster-response-platform\node_modules\.pnpm\next@14.2.35_@babel+core@7._0cfecabe793a3c51741eeb92ed2c3d83\node_modules\next\dist\server\lib\start-server.js:141:13) {
  clientVersion: '6.19.3',
  errorCode: undefined,
  retryable: undefined
}
{"level":"warn","message":"Failed to persist weather data (continuing)","timestamp":"2026-09-27T08:15:04.379Z","metadata":{"error":"PrismaClientInitializationError: \nInvalid `__TURBOPACK__imported__module__$5b$project$5d2f$server$2f$prisma$2e$ts__$5b$app$2d$route$5d$__$28$ecmascript$29$__[\"prisma\"].weatherData.create()` invocation in\nE:\\Hackathons\\disaster management\\disaster-response-platform\\.next\\server\\chunks\\_05664a._.js:173:171\n\n  170 const rainfallMm = data.rain?.[\"1h\"] ?? data.rain?.[\"3h\"] ?? 0;\n  171 let recorded = null;\n  172 try {\n→ 173     const record = await __TURBOPACK__imported__module__$5b$project$5d2f$server$2f$prisma$2e$ts__$5b$app$2d$route$5d$__$28$ecmascript$29$__[\"prisma\"].weatherData.create(\nCan't reach database server at `db.yznlvqiivefxbpqiaxce.supabase.co:5432`\n\nPlease make sure your database server is running at `db.yznlvqiivefxbpqiaxce.supabase.co:5432`."}}
{"level":"warn","message":"Failed to persist weather data (continuing)","timestamp":"2026-09-27T08:15:04.391Z","metadata":{"error":"PrismaClientInitializationError: \nInvalid `__TURBOPACK__imported__module__$5b$project$5d2f$server$2f$prisma$2e$ts__$5b$app$2d$route$5d$__$28$ecmascript$29$__[\"prisma\"].weatherData.create()` invocation in\nE:\\Hackathons\\disaster management\\disaster-response-platform\\.next\\server\\chunks\\_05664a._.js:173:171\n\n  170 const rainfallMm = data.rain?.[\"1h\"] ?? data.rain?.[\"3h\"] ?? 0;\n  171 let recorded = null;\n  172 try {\n→ 173     const record = await __TURBOPACK__imported__module__$5b$project$5d2f$server$2f$prisma$2e$ts__$5b$app$2d$route$5d$__$28$ecmascript$29$__[\"prisma\"].weatherData.create(\nCan't reach database server at `db.yznlvqiivefxbpqiaxce.supabase.co:5432`\n\nPlease make sure your database server is running at `db.yznlvqiivefxbpqiaxce.supabase.co:5432`."}}
[TypeError: fetch failed] {
  [cause]: ConnectTimeoutError: Connect Timeout Error (attempted address: api.openweathermap.org:443, timeout: 10000ms)
      at onConnectTimeout (node:internal/deps/undici/undici:1981:23)
      at Immediate._onImmediate (node:internal/deps/undici/undici:1947:35)
      at process.processImmediate (node:internal/timers:504:21) {
    code: 'UND_ERR_CONNECT_TIMEOUT'
  }
}
[TypeError: fetch failed] {
  [cause]: ConnectTimeoutError: Connect Timeout Error (attempted address: api.openweathermap.org:443, timeout: 10000ms)
      at onConnectTimeout (node:internal/deps/undici/undici:1981:23)
      at Immediate._onImmediate (node:internal/deps/undici/undici:1947:35)
      at process.processImmediate (node:internal/timers:504:21) {
    code: 'UND_ERR_CONNECT_TIMEOUT'
  }
}
 ⨯ unhandledRejection: [TypeError: fetch failed] {
  [cause]: ConnectTimeoutError: Connect Timeout Error (attempted address: api.openweathermap.org:443, timeout: 10000ms)
      at onConnectTimeout (node:internal/deps/undici/undici:1981:23)
      at Immediate._onImmediate (node:internal/deps/undici/undici:1947:35)
      at process.processImmediate (node:internal/timers:504:21) {
    code: 'UND_ERR_CONNECT_TIMEOUT'
  }
}
 ⨯ unhandledRejection: [TypeError: fetch failed] {
  [cause]: ConnectTimeoutError: Connect Timeout Error (attempted address: api.openweathermap.org:443, timeout: 10000ms)
      at onConnectTimeout (node:internal/deps/undici/undici:1981:23)
      at Immediate._onImmediate (node:internal/deps/undici/undici:1947:35)
      at process.processImmediate (node:internal/timers:504:21) {
    code: 'UND_ERR_CONNECT_TIMEOUT'
  }
}
[TypeError: fetch failed] {
  [cause]: ConnectTimeoutError: Connect Timeout Error (attempted address: api.openweathermap.org:443, timeout: 10000ms)
      at onConnectTimeout (node:internal/deps/undici/undici:1981:23)
      at Immediate._onImmediate (node:internal/deps/undici/undici:1947:35)
      at process.processImmediate (node:internal/timers:504:21) {
    code: 'UND_ERR_CONNECT_TIMEOUT'
  }
}
[TypeError: fetch failed] {
  [cause]: ConnectTimeoutError: Connect Timeout Error (attempted address: api.openweathermap.org:443, timeout: 10000ms)
      at onConnectTimeout (node:internal/deps/undici/undici:1981:23)
      at Immediate._onImmediate (node:internal/deps/undici/undici:1947:35)
      at process.processImmediate (node:internal/timers:504:21) {
    code: 'UND_ERR_CONNECT_TIMEOUT'
  }
}
 ⨯ unhandledRejection: [TypeError: fetch failed] {
  [cause]: ConnectTimeoutError: Connect Timeout Error (attempted address: api.openweathermap.org:443, timeout: 10000ms)
      at onConnectTimeout (node:internal/deps/undici/undici:1981:23)
      at Immediate._onImmediate (node:internal/deps/undici/undici:1947:35)
      at process.processImmediate (node:internal/timers:504:21) {
    code: 'UND_ERR_CONNECT_TIMEOUT'
  }
}
 ⨯ unhandledRejection: [TypeError: fetch failed] {
  [cause]: ConnectTimeoutError: Connect Timeout Error (attempted address: api.openweathermap.org:443, timeout: 10000ms)
      at onConnectTimeout (node:internal/deps/undici/undici:1981:23)
      at Immediate._onImmediate (node:internal/deps/undici/undici:1947:35)
      at process.processImmediate (node:internal/timers:504:21) {
    code: 'UND_ERR_CONNECT_TIMEOUT'
  }
}
Error: ENOENT: no such file or directory, open 'E:\Hackathons\disaster management\disaster-response-platform\.next\server\middleware\middleware-manifest.json'
    at async open (node:internal/fs/promises:640:25)
    at async readFile (node:internal/fs/promises:1283:14)
    at async readPartialManifest (E:\Hackathons\disaster management\disaster-response-platform\node_modules\.pnpm\next@14.2.35_@babel+core@7._0cfecabe793a3c51741eeb92ed2c3d83\node_modules\next\dist\server\dev\turbopack\manifest-loader.js:28:23)
    at async TurbopackManifestLoader.loadMiddlewareManifest (E:\Hackathons\disaster management\disaster-response-platform\node_modules\.pnpm\next@14.2.35_@babel+core@7._0cfecabe793a3c51741eeb92ed2c3d83\node_modules\next\dist\server\dev\turbopack\manifest-loader.js:237:155)
    at async processMiddleware (E:\Hackathons\disaster management\disaster-response-platform\node_modules\.pnpm\next@14.2.35_@babel+core@7._0cfecabe793a3c51741eeb92ed2c3d83\node_modules\next\dist\server\dev\turbopack-utils.js:590:13)
    at async handleEntrypoints (E:\Hackathons\disaster management\disaster-response-platform\node_modules\.pnpm\next@14.2.35_@babel+core@7._0cfecabe793a3c51741eeb92ed2c3d83\node_modules\next\dist\server\dev\turbopack-utils.js:600:9)
    at async handleEntrypointsSubscription (E:\Hackathons\disaster management\disaster-response-platform\node_modules\.pnpm\next@14.2.35_@babel+core@7._0cfecabe793a3c51741eeb92ed2c3d83\node_modules\next\dist\server\dev\hot-reloader-turbopack.js:358:13) {
  errno: -4058,
  code: 'ENOENT',
  syscall: 'open',
  path: 'E:\\Hackathons\\disaster management\\disaster-response-platform\\.next\\server\\middleware\\middleware-manifest.json'
}
